TRUNCATE activity;
TRUNCATE activity_feedback;
TRUNCATE activity_user;
TRUNCATE address;
TRUNCATE attendance;
TRUNCATE attendance_request;
TRUNCATE certification;
TRUNCATE community_dynamic;
TRUNCATE community_honor;
TRUNCATE company;
TRUNCATE district;
TRUNCATE facilities;
TRUNCATE house;
TRUNCATE house_history;
TRUNCATE operate_log;
TRUNCATE parking_lot;
TRUNCATE party_leader;
TRUNCATE party_member;
TRUNCATE public_phone;
TRUNCATE staff_district;
TRUNCATE public_service;
TRUNCATE resident;
TRUNCATE resident_tag;
TRUNCATE service_complain;
TRUNCATE service_information;
TRUNCATE sms_record;
TRUNCATE sms_receiver;
TRUNCATE tenant;
TRUNCATE under_floor;
TRUNCATE vehicle_info;
TRUNCATE volunteer;
TRUNCATE wechat_user;
TRUNCATE wechat_config;

delete from role where id not in ('district_admin_role_id', 'root_role_id', 'staff_role_id', 'sub_district_admin_role_id', 'tenant_admin_role_id');
delete from role_permission where role_id not in ('district_admin_role_id', 'root_role_id', 'staff_role_id', 'sub_district_admin_role_id', 'tenant_admin_role_id');
delete from staff where id != 'root_staff_id'



SET NAMES utf8;
SET FOREIGN_KEY_CHECKS = 0;

-- ----------------------------
--  Table structure for `dictionary`
-- ----------------------------
DROP TABLE IF EXISTS `dictionary`;
CREATE TABLE `dictionary` (
  `dic_key` varchar(64) NOT NULL COMMENT '词典名，词典值的拼音',
  `parent_key` varchar(64) DEFAULT NULL COMMENT '词典父id',
  `name` varchar(32) NOT NULL COMMENT '词典值最多8个汉字',
  `tenant_id` varchar(32) NOT NULL DEFAULT '' COMMENT '租户id，如果为空，表示公用词典',
  `created_time` datetime NOT NULL DEFAULT CURRENT_TIMESTAMP,
  `updated_time` datetime NOT NULL DEFAULT CURRENT_TIMESTAMP,
  `deleted` tinyint(1) NOT NULL DEFAULT '0' COMMENT '删除状态',
  `version` int(11) DEFAULT '1' COMMENT '乐观锁',
  `operator` varchar(32) DEFAULT NULL COMMENT '操作人员id',
  `data` text NOT NULL,
  `sort_order` int(11) DEFAULT '0',
  PRIMARY KEY (`dic_key`)
) ENGINE=InnoDB DEFAULT CHARSET=utf8 COMMENT='词典表';

-- ----------------------------
--  Records of `dictionary`
-- ----------------------------
BEGIN;
INSERT INTO `dictionary` VALUES ('account-admin', 'CHAO_JI_GUAN_LI_YUAN', '账号管理', '', '2018-08-20 14:29:54', '2018-08-10 14:29:54', '0', '1', null, '', '8690'), ('ACTIVITY_CENTER', 'LIVING_CIRCLE_TYPE', '青/老年活动中心', '', '2018-08-10 14:29:54', '2018-08-10 14:29:54', '0', '1', null, '活', '0'), ('ACTIVITY_OLDER', 'ACTIVITY_TYPE', '老年服务', '', '2017-08-05 22:54:07', '2017-08-05 22:54:07', '0', '1', 'administrator', '', '0'), ('ACTIVITY_PARTICIPANTS', null, '活动参与人', '', '2018-08-22 13:12:49', '2018-09-09 22:30:34', '0', '1', null, '', '0'), ('ACTIVITY_PARTY_MEMBER', 'ACTIVITY_TYPE', '党员活动', '', '2017-08-05 22:54:07', '2017-08-05 22:54:07', '0', '1', 'administrator', '', '0'), ('ACTIVITY_TARGET', null, '活动对象', '', '2018-08-22 13:13:37', '2018-08-22 13:13:37', '0', '1', null, '', '0'), ('ACTIVITY_TYPE', null, '活动类型', '', '2017-08-05 22:54:07', '2017-08-05 22:54:07', '0', '1', 'administrator', '', '0'), ('ACTIVITY_VISIT', 'ACTIVITY_TYPE', '走访慰问', '', '2017-08-05 22:54:07', '2017-08-05 22:54:07', '0', '1', 'administrator', '', '0'), ('ACTIVITY_VISIT_LOW_INSURANCE', 'ACTIVITY_VISIT', '低保慰问', '', '2018-08-21 17:43:34', '2018-08-21 17:43:34', '0', '1', null, '', '0'), ('ACTIVITY_VISIT_OLDER', 'ACTIVITY_VISIT', '老人慰问', '', '2018-08-21 17:44:48', '2018-08-21 17:44:48', '0', '1', null, '', '0'), ('ACTIVITY_VISIT_PARTY_MEMBER', 'ACTIVITY_VISIT', '党员慰问', '', '2018-08-21 17:44:26', '2018-08-21 17:44:26', '0', '1', null, '', '0'), ('ACTIVITY_VISIT_SICK', 'ACTIVITY_VISIT', '大病救助', '', '2018-08-21 17:43:21', '2018-08-21 17:43:21', '0', '1', null, '', '0'), ('ACTIVITY_VISIT_TEMPORARY', 'ACTIVITY_VISIT', '临时救助', '', '2018-08-21 17:42:40', '2018-08-21 17:42:40', '0', '1', null, '', '0'), ('ACTIVITY_VOLUNTEER', 'ACTIVITY_TYPE', '志愿者活动', '', '2017-08-05 22:54:07', '2017-08-05 22:54:07', '0', '1', 'administrator', '', '0'), ('ADDRESS_STRUCTURE_TYPE', null, '社区地址结构类型', '', '2017-08-05 22:54:07', '2017-08-05 22:54:07', '0', '1', 'administrator', '', '0'), ('ADDRESS_TYPE', null, '地址类型', '', '2017-08-05 22:54:07', '2017-08-05 22:54:07', '0', '1', 'administrator', '', '0'), ('Agency', 'LIVING_CIRCLE_TYPE', '代收/代缴店', '', '2018-08-10 14:34:28', '2018-08-10 14:34:28', '0', '1', null, '缴', '0'), ('AREA_LEVEL', null, '地区层级', '', '2017-08-05 22:54:07', '2017-08-05 22:54:07', '0', '1', 'administrator', '', '0'), ('attendance-data', 'KAO_QIN_SHU_JU', '考勤统计', '', '2018-08-20 14:29:54', '2018-08-10 14:29:54', '0', '1', null, '', '8995'), ('attendance-statistics', 'KAO_QIN_SHU_JU', '历史考勤', '', '2018-08-20 14:29:54', '2018-08-10 14:29:54', '0', '1', null, '', '8990'), ('AUNT', 'RELATIONSHIP_TAG', '舅（妈）姨（夫）', '', '2017-08-05 22:54:07', '2017-08-05 22:54:07', '0', '1', 'administrator', '', '0'), ('backupsData', 'XI_TONG_GUAN_LI', '数据备份', '', '2018-08-20 14:29:54', '2018-08-10 14:29:54', '0', '1', null, '', '8795'), ('BAN_GONG_DIAN_HUA', 'SYS_CONFIG', '办公电话', '', '2018-09-09 22:07:57', '2018-09-09 22:07:57', '0', '1', null, '', '0'), ('BAN_GONG_SHUO_MING', 'SYS_CONFIG', '办公时间说明', '', '2018-08-29 16:47:02', '2018-09-09 21:57:58', '0', '1', null, '工作时间：周六日也上班，一年365天都上班，欢迎来咨询哈哈哈', '0'), ('BIESHU_TYPE', 'ADDRESS_STRUCTURE_TYPE', '独门独院/别墅', '', '2017-08-05 22:54:07', '2017-08-05 22:54:07', '0', '1', 'administrator', '', '0'), ('BO_SHI_FV87', 'EDUCATION_TYPE', '博士', '', '2018-09-09 18:26:40', '2018-09-09 18:26:40', '0', '1', 'root@126.com', '', '0'), ('BROTHER', 'RELATIONSHIP_TAG', '兄弟姊妹', '', '2017-08-05 22:54:07', '2017-08-05 22:54:07', '0', '1', 'administrator', '', '0'), ('buildingInfo', 'MINQING_SHUJU', '社区楼院', '', '2018-08-20 14:29:54', '2018-08-10 14:29:54', '0', '1', null, '', '9980'), ('care-securiy', 'SHE_QU_AN_QUAN', '车辆管理', '', '2018-08-20 14:29:54', '2018-08-10 14:29:54', '0', '1', null, '', '8895'), ('CERTIFICATION_TYPE', null, '政办事项类型', '', '2018-08-14 21:17:49', '2018-08-14 21:17:49', '0', '1', null, '', '0'), ('CERTIFICATION_TYPE_DEFORMITY', 'CERTIFICATION_TYPE', '残疾证申请', '', '2018-08-21 17:40:55', '2018-08-21 17:40:55', '0', '1', null, '', '0'), ('CERTIFICATION_TYPE_EMPLOYED', 'CERTIFICATION_TYPE', '就业登记', '', '2018-09-04 17:43:47', '2018-09-04 17:43:47', '0', '1', null, '', '0'), ('CERTIFICATION_TYPE_EMPLOYMENT', 'CERTIFICATION_TYPE', '就业/失业登记', '', '2018-08-21 17:37:46', '2018-08-21 17:37:46', '0', '1', null, '', '0'), ('CERTIFICATION_TYPE_POLITICAL_LIVE', 'CERTIFICATION_TYPE', '居住证明', '', '2018-08-21 17:36:59', '2018-08-21 17:36:59', '0', '1', null, '', '0'), ('CERTIFICATION_TYPE_POLITICAL_OLDER', 'CERTIFICATION_TYPE', '老年优待卡/证', '', '2018-08-21 17:39:52', '2018-08-21 17:39:52', '0', '1', null, '', '0'), ('CERTIFICATION_TYPE_POLITICAL_RETIRE', 'CERTIFICATION_TYPE', '退休办理', '', '2018-08-21 17:38:55', '2018-08-21 17:38:55', '0', '1', null, '', '0'), ('CERTIFICATION_TYPE_POLITICAL_STOP_EMPLOYMENT', 'CERTIFICATION_TYPE', '终止灵活就业', '', '2018-08-21 17:41:20', '2018-08-21 17:41:20', '0', '1', null, '', '0'), ('CERTIFICATION_TYPE_UNEMPLOYED', 'CERTIFICATION_TYPE', '失业登记', '', '2018-09-04 17:43:12', '2018-09-04 17:43:12', '0', '1', null, '', '0'), ('CHAO_JI_GUAN_LI_YUAN', 'MENU_TYPE', '超级管理员', '', '2018-08-20 14:29:54', '2018-08-10 14:29:54', '0', '1', null, 'http://source.wenxiaoyou.com/test/nav_my.png', '8699'), ('CHU_ZHONG_NN3F', 'EDUCATION_TYPE', '初中', '', '2018-09-09 18:26:18', '2018-09-09 18:26:18', '0', '1', 'root@126.com', '', '0'), ('COMMON_TOWER', 'FACILITIES_WATER_TOWER', '小区水塔', '', '2017-08-05 22:54:07', '2017-08-05 22:54:07', '0', '1', 'administrator', '', '0'), ('COMMUNITY', 'AREA_LEVEL', '社区', '', '2017-08-05 22:54:07', '2017-08-05 22:54:07', '0', '1', 'administrator', '', '0'), ('community-news', 'WEI_XIN', '社区动态', '', '2018-08-20 14:29:54', '2018-08-10 14:29:54', '0', '1', null, '', '9585'), ('communityAdmin', 'CHAO_JI_GUAN_LI_YUAN', '社区管理', '', '2018-08-20 14:29:54', '2018-08-10 14:29:54', '0', '1', null, '', '8695'), ('CommunityProfile', 'MINQING_SHUJU', '社区总览', '', '2018-08-20 14:29:54', '2018-08-10 14:29:54', '0', '1', null, '', '9990'), ('complain', 'WEI_XIN', '服务诉求', '', '2018-08-20 14:29:54', '2018-08-10 14:29:54', '0', '1', null, '', '9590'), ('CONVENIENCE_STORE', 'LIVING_CIRCLE_TYPE', '便民商店', '', '2018-08-10 14:24:03', '2018-08-10 14:24:03', '0', '1', null, '商', '0'), ('COUPLE', 'RELATIONSHIP_TAG', '夫妻', '', '2017-08-05 22:54:07', '2017-08-05 22:54:07', '0', '1', 'administrator', '', '0'), ('DANG', 'MENU_TYPE', '党组织', '', '2018-08-20 14:29:54', '2018-08-10 14:29:54', '0', '1', null, 'http://source.wenxiaoyou.com/test/nav_dang.png', '9499'), ('DA_XUE', 'EDUCATION_TYPE', '大学', '', '2018-09-09 18:23:51', '2018-09-09 18:23:51', '0', '1', null, '', '0'), ('dictionaryAdmin', 'XI_TONG_GUAN_LI', '词典管理', '', '2018-08-20 14:29:54', '2018-08-10 14:29:54', '0', '1', null, '', '8780'), ('dictionarySuperAdmin', 'CHAO_JI_GUAN_LI_YUAN', '词典管理', '', '2018-08-20 14:29:54', '2018-08-10 14:29:54', '0', '1', null, '', '8685'), ('disabilityCertificate', 'ZHENG_BAN_SHI_XIANG', '残疾证明', '', '2018-09-04 15:34:04', '2018-09-04 15:34:04', '0', '1', null, '', '9797'), ('DISABLE_CARD', 'PUBLIC_SERVICE_TYPE', '残疾证', '', '2017-08-05 22:54:07', '2017-08-05 22:54:07', '0', '1', 'administrator', '', '0'), ('DISTRICT', 'AREA_LEVEL', '区', '', '2017-08-05 22:54:07', '2017-08-05 22:54:07', '0', '1', 'administrator', '', '0'), ('district-map', 'MENU_TYPE', '民情管理（区）', '', '2018-08-20 14:29:54', '2018-08-10 14:29:54', '0', '1', null, 'http://source.wenxiaoyou.com/test/nav_all.png', '8599'), ('door-securiy', 'SHE_QU_AN_QUAN', '小区门禁', '', '2018-08-20 14:29:54', '2018-08-10 14:29:54', '0', '1', null, '', '8885'), ('DUAN_XIN', 'MENU_TYPE', '短信问候', '', '2018-08-20 14:29:54', '2018-08-20 14:29:54', '0', '1', null, 'http://source.wenxiaoyou.com/test/nav_message.png', '9699'), ('EDUCATION_TYPE', null, '文化水平', '', '2018-09-09 18:26:04', '2018-09-09 18:26:04', '0', '1', null, '', '0'), ('EMPLORYED', 'PUBLIC_SERVICE_TYPE', '就业办理', '', '2018-09-05 14:30:20', '2018-09-05 14:30:20', '0', '1', null, '', '0'), ('employmentUnemployment', 'ZHENG_BAN_SHI_XIANG', '就业/失业登记', '', '2018-09-04 15:33:01', '2018-09-04 15:33:01', '0', '1', null, '', '9796'), ('enterpriseList', 'MINQING_SHUJU', '企业名录', '', '2018-08-20 14:29:54', '2018-08-10 14:29:54', '0', '1', null, '', '9970'), ('FACILITIES_ELEVATOR', 'FACILITIES_TYPE', '电梯', '', '2018-08-10 16:41:09', '2018-08-10 16:41:09', '1', '1', null, '梯', '0'), ('FACILITIES_GARBAGE', 'FACILITIES_TYPE', '垃圾站', '', '2017-08-05 22:54:07', '2017-08-05 22:54:07', '0', '1', 'administrator', '垃', '0'), ('FACILITIES_POWER_STATION', 'FACILITIES_TYPE', '电力站', '', '2018-08-10 17:05:27', '2018-08-10 17:05:27', '0', '1', null, '电', '0'), ('FACILITIES_TYPE', null, '公共设施类型', '', '2017-08-05 22:54:07', '2017-08-05 22:54:07', '0', '1', 'administrator', '', '0'), ('FACILITIES_WATER_TOWER', 'FACILITIES_TYPE', '水塔', '', '2017-08-05 22:54:07', '2017-08-05 22:54:07', '0', '1', 'administrator', '塔', '0'), ('FACILITIES_WELL', 'FACILITIES_TYPE', '井盖', '', '2017-08-05 22:54:07', '2017-08-05 22:54:07', '0', '1', 'administrator', '井', '0'), ('FEI_GONG', 'ORG_COMPANY_TYPE', '非公经济组织与社区组织', '', '2018-08-10 14:29:54', '2018-08-10 14:29:54', '0', '1', null, '非', '0'), ('GAO_ZHONG', 'EDUCATION_TYPE', '高中', '', '2018-09-09 18:24:05', '2018-09-09 18:24:05', '0', '1', null, '', '0'), ('GARBAGE_COMMON', 'FACILITIES_GARBAGE', '垃圾站', '', '2017-08-05 22:54:07', '2017-08-05 22:54:07', '0', '1', 'administrator', '', '0'), ('GARBAGE_GREEN', 'FACILITIES_GARBAGE', '绿色环保垃圾站', '', '2017-08-05 22:54:07', '2017-08-05 22:54:07', '0', '1', 'administrator', '', '0'), ('generateUserData', 'MINQING_SHUJU', '生成民情图', '', '2018-08-20 14:29:54', '2018-08-10 14:29:54', '0', '1', null, '', '9950'), ('GISData', 'XI_TONG_GUAN_LI', 'GIS采编', '', '2018-08-20 14:29:54', '2018-08-10 14:29:54', '0', '1', null, '', '8775'), ('GONG_ZUO', 'MENU_TYPE', '我的工作', '', '2018-08-10 14:29:54', '2018-08-10 14:29:54', '0', '1', null, 'http://source.wenxiaoyou.com/test/nav_my.png', '9099'), ('GONG_ZU_FANG', 'HOUSE_TYPE', '公租房', '', '2017-08-05 22:54:07', '2017-08-05 22:54:07', '0', '1', 'administrator', '', '0'), ('govMatters', 'ZHENG_BAN_SHI_XIANG', '居住证明', '', '2018-08-20 14:29:54', '2018-08-10 14:29:54', '0', '1', null, '', '9799'), ('GRAND_PARENT', 'RELATIONSHIP_TAG', '祖父母/孙子女', '', '2017-08-05 22:54:07', '2017-08-05 22:54:07', '0', '1', 'administrator', '', '0'), ('GRAND_PARENT2', 'RELATIONSHIP_TAG', '外祖父母/外孙子', '', '2017-08-05 22:54:07', '2017-08-05 22:54:07', '0', '1', 'administrator', '', '0'), ('groupInformation', 'DUAN_XIN', '群发短信', '', '2018-08-20 14:29:54', '2018-08-20 14:29:54', '0', '1', null, '', '9695'), ('guide', 'WEI_XIN', '办事指南', '', '2018-08-20 14:29:54', '2018-08-10 14:29:54', '0', '1', null, '', '9582'), ('HAIRDRESSING', 'LIVING_CIRCLE_TYPE', '美容美发', '', '2018-08-10 14:29:54', '2018-08-10 14:29:54', '0', '1', null, '发', '0'), ('handlingOlderCard', 'ZHENG_BAN_SHI_XIANG', '老年卡/证办理', '', '2018-09-04 15:33:35', '2018-09-04 15:33:35', '0', '1', null, '', '9798'), ('home', 'MINQING_SHUJU', '社区地图', '', '2018-08-20 14:29:54', '2018-08-10 14:29:54', '0', '1', null, '', '9995'), ('honor', 'MINQING_SHUJU', '社区荣誉', '', '2018-08-20 14:29:54', '2018-08-10 14:29:54', '0', '1', null, '', '9965'), ('HOUSE_BUSINESS', 'HOUSE_USAGE', '商用', '', '2017-08-05 22:54:07', '2017-08-05 22:54:07', '0', '1', 'administrator', '<span style=\'padding:7px 7px;border-radius:3px;background:#d92720\'>商</span>', '0'), ('HOUSE_EMPTY', 'HOUSE_USAGE', '空置', '', '2017-08-05 22:54:07', '2017-08-05 22:54:07', '0', '1', 'administrator', '<span style=\'padding:7px 7px;border-radius:3px;background:#777\'>空</span>', '0'), ('HOUSE_KEEPING', 'LIVING_CIRCLE_TYPE', '家政服务', '', '2018-08-10 14:29:54', '2018-08-10 14:29:54', '0', '1', null, '家', '0'), ('HOUSE_RENT', 'HOUSE_USAGE', '出租', '', '2017-08-05 22:54:07', '2017-08-05 22:54:07', '0', '1', 'administrator', '<span style=\'padding:7px 7px;border-radius:3px;background:#77deed\'>租</span>', '0'), ('HOUSE_RENT_MANY', 'HOUSE_USAGE', '群租', '', '2017-08-05 22:54:07', '2017-08-05 22:54:07', '0', '1', 'administrator', '<span style=\'padding:7px 7px;border-radius:3px;background:#05aa36\'>群</span>', '0'), ('HOUSE_SELF_BUY', 'HOUSE_USAGE', '自购', '', '2017-08-16 22:54:07', '2017-08-16 22:54:07', '0', '1', '', '<span style=\'padding:7px 7px;border-radius:3px;background:#41abe9\'>自</span>', '0'), ('HOUSE_SELF_LIVE', 'HOUSE_USAGE', '自住', '', '2017-08-05 22:54:07', '2017-08-05 22:54:07', '0', '1', 'administrator', '<span style=\'padding:7px 7px;border-radius:3px;background:#e0b269\'>住</span>', '0'), ('HOUSE_TYPE', null, '房屋类型', '', '2017-08-05 22:54:07', '2017-08-05 22:54:07', '0', '1', 'administrator', '', '0'), ('HOUSE_USAGE', null, '房屋用途', '', '2017-08-05 22:54:07', '2017-08-05 22:54:07', '0', '1', 'administrator', '', '0'),
('HUJI_TYPE', null, '户籍类型', '', '2018-08-16 19:41:53', '2018-08-16 19:41:56', '0', '1', null, '', '0'),
('HUJI_TYPE_BENSHI_AGRICULTURE', 'HUJI_TYPE', '本市农业', '', '2018-08-16 19:46:23', '2018-08-16 19:46:23', '0', '1', null, '', '0'),
('HUJI_TYPE_BENSHI_AGRICULTURE_COLLECT', 'HUJI_TYPE', '本市农业集体', '', '2018-08-16 19:50:25', '2018-08-16 19:50:25', '0', '1', null, '', '0'),
('HUJI_TYPE_BENSHI_NOT_AGRICULTURE_COLLECT', 'HUJI_TYPE', '本市非农业集体', '', '2018-08-16 19:49:05', '2018-08-16 19:49:05', '0', '1', null, '', '0'),
 ('HUJI_TYPE_SHOULD_DESTROY', 'HUJI_TYPE', '户口应销未销', '', '2018-08-16 19:52:41', '2018-08-16 19:52:41', '0', '1', null, '', '0'),
 ('HUJI_TYPE_TOWN', 'HUJI_TYPE', '小城镇', '', '2018-08-16 19:51:12', '2018-08-16 19:51:12', '0', '1', null, '', '0'),
 ('HUJI_TYPE_WAIFU_AGRICULTURE', 'HUJI_TYPE', '外埠农业', '', '2018-08-16 19:48:41', '2018-08-16 19:48:41', '0', '1', null, '', '0'),
 ('HUJI_TYPE_WAIFU_NOT_AGRICULTURE', 'HUJI_TYPE', '外埠非农', '', '2018-08-16 19:47:47', '2018-08-16 19:47:47', '0', '1', null, '', '0'),
 ('JIAO_YU', 'ORG_COMPANY_TYPE', '教育机构', '', '2018-08-10 14:29:54', '2018-08-10 14:29:54', '0', '1', null, '教', '0'),
 ('JING_SHI_FANG', 'HOUSE_TYPE', '经适房', '', '2017-08-05 22:54:07', '2017-08-05 22:54:07', '0', '1', 'administrator', '', '0'),
 ('JIN_RONG', 'ORG_COMPANY_TYPE', '金融单位', '', '2018-08-10 14:29:54', '2018-08-10 14:29:54', '0', '1', null, '金', '0'),
 ('JI_CENG', 'ORG_COMPANY_TYPE', '基层基础组织', '', '2018-08-10 14:29:54', '2018-08-10 14:29:54', '0', '1', null, '基', '0'), ('JI_GUAN', 'ORG_COMPANY_TYPE', '机关企事业单位', '', '2018-08-10 14:29:54', '2018-08-10 14:29:54', '0', '1', null, '机', '0'), ('JUN_SHI', 'ORG_COMPANY_TYPE', '军事单位', '', '2018-08-10 14:29:54', '2018-08-10 14:29:54', '0', '1', null, '军', '0'), ('KAO_QIN_SHU_JU', 'MENU_TYPE', '考勤数据', '', '2018-08-20 14:29:54', '2018-08-10 14:29:54', '0', '1', null, 'http://source.wenxiaoyou.com/test/nav_all.png', '8999'), ('KINDERGARTEN', 'LIVING_CIRCLE_TYPE', '幼儿园', '', '2018-08-10 14:24:03', '2018-08-10 14:24:03', '0', '1', null, '幼', '0'), ('LAUNDRY', 'LIVING_CIRCLE_TYPE', '洗衣店', '', '2018-08-10 14:34:28', '2018-08-10 14:34:28', '0', '1', null, '洗', '0'), ('LIANG_XIAN_FANG', 'HOUSE_TYPE', '两限房', '', '2017-08-05 22:54:07', '2017-08-05 22:54:07', '0', '1', 'administrator', '', '0'), ('lifeInfo', 'MINQING_SHUJU', '居民生活圈', '', '2018-08-20 14:29:54', '2018-08-10 14:29:54', '0', '1', null, '', '9960'), ('LIVING_CIRCLE_COLLECTIVE', 'LIVING_CIRCLE_PROPERTY', '集体', '', '2018-08-11 20:52:22', '2018-08-11 20:52:22', '0', '1', null, '', '0'), ('LIVING_CIRCLE_INDIVIDUAL', 'LIVING_CIRCLE_PROPERTY', '个体户', '', '2018-08-11 20:46:44', '2018-08-11 20:46:44', '0', '1', null, '', '0'), ('LIVING_CIRCLE_INSTITUTION', 'LIVING_CIRCLE_PROPERTY', '事业单位', '', '2018-08-11 20:52:05', '2018-08-11 20:52:05', '0', '1', null, '', '0'), ('LIVING_CIRCLE_PRIVATE', 'LIVING_CIRCLE_PROPERTY', '私营', '', '2018-08-11 20:50:08', '2018-08-11 20:50:08', '0', '1', null, '', '0'), ('LIVING_CIRCLE_PROPERTY', null, '生活圈性质', '', '2018-08-11 20:45:44', '2018-08-11 20:45:44', '0', '1', null, '', '0'), ('LIVING_CIRCLE_STATERUN', 'LIVING_CIRCLE_PROPERTY', '国营', '', '2018-08-11 20:51:35', '2018-08-11 20:51:35', '0', '1', null, '', '0'), ('LIVING_CIRCLE_TYPE', null, '生活圈类型', '', '2018-08-10 14:24:03', '2018-08-10 14:24:03', '0', '1', null, '', '0'), ('LI_YI', 'MARRIAGE_TYPE', '离异', '', '2017-08-05 22:54:07', '2017-08-05 22:54:07', '0', '1', 'administrator', '', '0'), ('MARRIAGE_TYPE', null, '婚姻状况类型', '', '2017-08-05 22:54:07', '2017-08-05 22:54:07', '0', '1', 'administrator', '', '0'), ('MEDICAL_INSTITUTION', 'LIVING_CIRCLE_TYPE', '医疗机构', '', '2018-08-10 14:24:03', '2018-08-10 14:24:03', '0', '1', null, '医', '0'), ('member-mgr', 'WEI_XIN', '会员管理', '', '2018-08-20 14:29:54', '2018-08-10 14:29:54', '0', '1', null, '', '9597'), ('MENU_TYPE', 'NULL', '菜单类型', '', '2018-08-20 14:29:54', '2018-08-10 14:29:54', '0', '1', null, '', '0'), ('MERCHANT_10', 'MERCHANT_SCALE_TYPE', '10人以下', '', '2018-08-21 16:58:46', '2018-08-21 16:58:46', '0', '1', null, '', '0'), ('MERCHANT_200', 'MERCHANT_SCALE_TYPE', '50到200人', '', '2018-08-21 16:59:29', '2018-08-21 16:59:29', '0', '1', null, '', '0'), ('MERCHANT_50', 'MERCHANT_SCALE_TYPE', '10到50人', '', '2018-08-21 16:59:08', '2018-08-21 16:59:08', '0', '1', null, '', '0'), ('MERCHANT_500', 'MERCHANT_SCALE_TYPE', '200-500人', '', '2018-08-21 16:59:43', '2018-08-21 16:59:43', '0', '1', null, '', '0'), ('MERCHANT_MORE_500', 'MERCHANT_SCALE_TYPE', '500人以上', '', '2018-08-21 17:00:30', '2018-08-21 17:00:30', '0', '1', null, '', '0'), ('MERCHANT_PROPERTY', null, '企业性质', '', '2018-08-13 14:35:59', '2018-08-13 14:35:59', '0', '1', null, '', '0'), ('MERCHANT_PROPERTY_COLLECTIVE', 'MERCHANT_PROPERTY', '集体', '', '2018-08-13 14:39:22', '2018-08-13 14:39:22', '0', '1', null, '', '0'), ('MERCHANT_PROPERTY_INSTITUTION', 'MERCHANT_PROPERTY', '事业单位', '', '2018-08-13 14:38:05', '2018-08-13 14:38:05', '0', '1', null, '', '0'), ('MERCHANT_PROPERTY_PERSONAL', 'MERCHANT_PROPERTY', '个体户', '', '2018-08-13 14:36:23', '2018-08-13 14:36:23', '0', '1', null, '', '0'), ('MERCHANT_PROPERTY_PRRIVATE', 'MERCHANT_PROPERTY', '私营', '', '2018-08-13 14:37:40', '2018-08-13 14:37:40', '0', '1', null, '', '0'), ('MERCHANT_SCALE_TYPE', null, '企业规模', '', '2018-08-21 16:57:41', '2018-08-21 16:57:41', '0', '1', null, '', '0'), ('MERCHANT_TYPE', null, '企业类型', '', '2018-09-03 11:12:35', '2018-09-03 11:12:35', '0', '1', null, '', '0'), ('MERCHANT_TYPE_AGENCY', 'MERCHANT_TYPE', '机关企事业单位', '', '2018-09-03 11:16:27', '2018-09-03 11:16:27', '0', '1', null, '', '0'), ('MERCHANT_TYPE_BASE', 'MERCHANT_TYPE', '基层基础组织', '', '2018-09-03 11:15:19', '2018-09-03 11:15:19', '0', '1', null, '', '0'), ('MERCHANT_TYPE_EDUCATION', 'MERCHANT_TYPE', '教育机构', '', '2018-09-03 11:13:26', '2018-09-03 11:13:26', '0', '1', null, '', '0'), ('MERCHANT_TYPE_FINANCE', 'MERCHANT_TYPE', '金融机构', '', '2018-09-03 11:14:27', '2018-09-03 11:14:27', '0', '1', null, '', '0'), ('MERCHANT_TYPE_MILITARY', 'MERCHANT_TYPE', '军事单位', '', '2018-09-03 11:17:10', '2018-09-03 11:17:10', '0', '1', null, '', '0'), ('MERCHANT_TYPE_NOT_PUBLIC', 'MERCHANT_TYPE', '非公经济组织与社区组织', '', '2018-09-03 11:13:01', '2018-09-03 11:13:01', '0', '1', null, '', '0'), ('MINQING_SHUJU', 'MENU_TYPE', '民情数据', '', '2018-08-20 14:29:54', '2018-08-10 14:29:54', '0', '1', null, 'http://source.wenxiaoyou.com/test/nav_all.png', '9999'), ('NONGCUN_TYPE', 'ADDRESS_STRUCTURE_TYPE', '农村大队/巷/胡同', '', '2017-08-05 22:54:07', '2017-08-05 22:54:07', '0', '1', 'administrator', '', '0'), ('olderService', 'WEI_LAO_FU_WU', '慢病统计', '', '2018-08-20 14:29:54', '2018-08-10 14:29:54', '0', '1', null, '', '9295'), ('OLDER_CARD', 'PUBLIC_SERVICE_TYPE', '老年证/卡', '', '2017-08-05 22:54:07', '2017-08-05 22:54:07', '0', '1', 'administrator', '', '0'), ('operationRecord', 'XI_TONG_GUAN_LI', '操作记录', '', '2018-08-20 14:29:54', '2018-08-10 14:29:54', '0', '1', null, '', '8770'), ('otherAdmin', 'XI_TONG_GUAN_LI', '社区配置', '', '2018-08-20 14:29:54', '2018-08-10 14:29:54', '0', '1', null, '', '8765'), ('outpeople-mrg', 'SHE_QU_AN_QUAN', '外来人管理', '', '2018-08-20 14:29:54', '2018-08-10 14:29:54', '0', '1', null, '', '8880'), ('PARENT', 'RELATIONSHIP_TAG', '父母/子女', '', '2017-08-05 22:54:07', '2017-08-05 22:54:07', '0', '1', 'administrator', '', '0'), ('PARK', 'LIVING_CIRCLE_TYPE', '公园', '', '2018-08-10 14:29:54', '2018-08-10 14:29:54', '0', '1', null, '园', '0'), ('parkingAdmin', 'MINQING_SHUJU', '车位管理', '', '2018-08-20 14:29:54', '2018-08-10 14:29:54', '0', '1', null, '', '9945'), ('PARKING_PUBLIC', 'PARKING_TYPE', '社区公共', '', '2017-08-05 22:54:07', '2017-08-05 22:54:07', '0', '1', 'administrator', '', '0'), ('PARKING_PURCHASE', 'PARKING_TYPE', '业主购买', '', '2017-08-05 22:54:07', '2017-08-05 22:54:07', '0', '1', 'administrator', '', '0'), ('PARKING_RENT', 'PARKING_TYPE', '租赁', '', '2017-08-05 22:54:07', '2017-08-05 22:54:07', '0', '1', 'administrator', '', '0'), ('PARKING_RETIRED', 'PARKING_TYPE', '退休失业', '', '2017-08-05 22:54:07', '2017-08-05 22:54:07', '0', '1', 'administrator', '', '0'), ('PARKING_TYPE', null, '车位类型', '', '2017-08-05 22:54:07', '2017-08-05 22:54:07', '0', '1', 'administrator', '', '0'), ('party-activity', 'DANG', '党员活动', '', '2018-08-20 14:29:54', '2018-08-10 14:29:54', '0', '1', null, '', '9465'), ('party-fee', 'DANG', '党费管理', '', '2018-08-20 14:29:54', '2018-08-10 14:29:54', '0', '1', null, '', '9480'), ('party-info', 'DANG', '党员信息', '', '2018-08-20 14:29:54', '2018-08-10 14:29:54', '0', '1', null, '', '9490'), ('partyDevelopmentCultivation', 'DANG', '党员发展与培养', '', '2018-08-20 14:29:54', '2018-08-10 14:29:54', '0', '1', null, '', '9470'), ('PartyOrganizeOverview', 'DANG', '党组织总览', '', '2018-08-20 14:29:54', '2018-08-10 14:29:54', '0', '1', null, '', '9495'), ('partyTransfer', 'DANG', '转接党关系', '', '2018-08-20 14:29:54', '2018-08-10 14:29:54', '0', '1', null, '', '9475'), ('PARTY_COMMISSARY_BRANCH_SECRETARY', 'PARTY_COMMISSARY_TYPE', '支部书记', '', '2018-08-11 22:31:03', '2018-08-11 22:31:03', '0', '1', null, '', '0'), ('PARTY_COMMISSARY_ORGANIZATION', 'PARTY_COMMISSARY_TYPE', '组织委员', '', '2018-08-11 22:37:00', '2018-08-11 22:37:00', '0', '1', null, '', '0'), ('PARTY_COMMISSARY_PUBLICITY', 'PARTY_COMMISSARY_TYPE', '宣传委员', '', '2018-08-11 22:33:57', '2018-08-11 22:33:57', '0', '1', null, '', '0'), ('PARTY_COMMISSARY_TYPE', null, '党委职务类型', '', '2018-08-11 22:30:20', '2018-08-11 22:30:20', '0', '1', null, '', '0'), ('people-mgr', 'SHE_QU_AN_QUAN', '人员管理', '', '2018-08-20 14:29:54', '2018-08-10 14:29:54', '0', '1', null, '', '8890'), ('PERSON_INSTITUTION', 'LIVING_CIRCLE_TYPE', '养老机构', '', '2018-08-10 14:24:03', '2018-08-10 14:24:03', '0', '1', null, '老', '0'), ('PHARMACY', 'LIVING_CIRCLE_TYPE', '药店', '', '2018-08-10 14:34:28', '2018-08-10 14:34:28', '0', '1', null, '药', '0'), ('PHONE_TYPE', null, '公共电话类型', '', '2017-08-05 22:54:07', '2017-08-05 22:54:07', '0', '1', 'administrator', '', '0'), ('PLAYING_FIELD', 'LIVING_CIRCLE_TYPE', '运动场', '', '2018-08-10 14:29:54', '2018-08-10 14:29:54', '0', '1', null, '运', '0'), ('POLITICS_TYPE', null, '政治面貌', '', '2017-08-05 22:54:07', '2017-08-05 22:54:07', '0', '1', 'administrator', '', '0'), ('publicFacilities', 'SHE_QU_ZI_YUAN', '公共设施', '', '2018-08-20 14:29:54', '2018-08-10 14:29:54', '0', '1', null, '', '9890'), ('QI_TA', 'POLITICS_TYPE', '其它', '', '2017-08-05 22:54:07', '2017-08-05 22:54:07', '0', '1', 'administrator', '', '0'), ('QUN_ZHONG', 'POLITICS_TYPE', '群众', '', '2017-08-05 22:54:07', '2017-08-05 22:54:07', '0', '1', 'administrator', '', '0'), ('RELATIONSHIP_TAG', null, '关系', '', '2017-08-05 22:54:07', '2017-08-05 22:54:07', '0', '1', 'administrator', '', '0'), ('RENHU_TYPE', null, '人户类型', '', '2017-08-05 22:54:07', '2017-08-05 22:54:07', '0', '1', 'administrator', '', '0'), ('REN_HU_DOU_BU_ZAI', 'RENHU_TYPE', '人户均不在', '', '2017-08-05 22:54:07', '2017-08-05 22:54:07', '0', '1', 'administrator', '', '0'), ('REN_ZAI_HU_BU_ZAI', 'RENHU_TYPE', '人在户不在', '', '2017-08-05 22:54:07', '2017-08-05 22:54:07', '0', '1', 'administrator', '', '0'), ('REPAIR_SHOP', 'LIVING_CIRCLE_TYPE', '维修店', '', '2018-08-10 14:34:28', '2018-08-10 14:34:28', '0', '1', null, '修', '0'), ('RESIDENT', 'USER_TYPE', '社区居民', '', '2017-08-05 22:54:07', '2017-08-05 22:54:07', '0', '1', 'administrator', '', '0'), ('residentInfo', 'MINQING_SHUJU', '居民信息', '', '2018-08-20 14:29:54', '2018-08-10 14:29:54', '0', '1', null, '', '9985'), ('RESIDENT_CARD', 'PUBLIC_SERVICE_TYPE', '居住证/卡', '', '2017-08-05 22:54:07', '2017-08-05 22:54:07', '0', '1', 'administrator', '', '0'), ('RESIDENT_RELATION_DAUGHTER', 'RESIDENT_RELATION_TYPE', '户主之女', '', '2017-08-05 22:54:07', '2017-08-05 22:54:07', '0', '1', 'administrator', '', '0'), ('RESIDENT_RELATION_HOST', 'RESIDENT_RELATION_TYPE', '户主', '', '2017-08-05 22:54:07', '2017-08-05 22:54:07', '0', '1', 'administrator', '', '0'), ('RESIDENT_RELATION_SON', 'RESIDENT_RELATION_TYPE', '户主之子', '', '2017-08-05 22:54:07', '2017-08-05 22:54:07', '0', '1', 'administrator', '', '0'), ('RESIDENT_RELATION_TYPE', null, '居民与户主关系', '', '2017-08-05 22:54:07', '2017-08-05 22:54:07', '0', '1', 'administrator', '', '0'), ('RESIDENT_RELATION_WIFE', 'RESIDENT_RELATION_TYPE', '户主之妻', '', '2017-08-05 22:54:07', '2017-08-05 22:54:07', '0', '1', 'administrator', '', '0'), ('RESIDENT_TAG', null, '居民类型', '', '2017-08-05 22:54:07', '2017-08-05 22:54:07', '0', '1', 'administrator', '', '0'), ('RESTAURANT', 'LIVING_CIRCLE_TYPE', '餐馆', '', '2018-08-10 14:34:28', '2018-08-10 14:34:28', '0', '1', null, '餐', '0'), ('retire', 'ZHENG_BAN_SHI_XIANG', '退休办理', '', '2018-09-04 15:33:44', '2018-09-04 15:33:44', '0', '1', null, '', '9795'), ('RETIRED', 'PUBLIC_SERVICE_TYPE', '退休办理', '', '2017-08-05 22:54:07', '2017-08-05 22:54:07', '0', '1', 'administrator', '', '0'), ('roleAdmin', 'XI_TONG_GUAN_LI', '权限管理', '', '2018-08-20 14:29:54', '2018-08-10 14:29:54', '0', '1', null, '', '8790'), ('ROOT', 'USER_TYPE', '超级管理员', '', '2017-08-05 22:54:07', '2017-08-05 22:54:07', '0', '1', 'administrator', '', '0'), ('rootRoleAdmin', 'CHAO_JI_GUAN_LI_YUAN', '权限管理', '', '2018-09-07 15:33:39', '2018-09-07 15:33:39', '0', '1', null, '', '0'), ('SANG_OU', 'MARRIAGE_TYPE', '丧偶', '', '2017-08-05 22:54:07', '2017-08-05 22:54:07', '0', '1', 'administrator', '', '0'), ('serviceMatters', 'MINQING_SHUJU', '服务事项', '', '2018-08-20 14:29:54', '2018-08-10 14:29:54', '0', '1', null, '', '9955'), ('SERVICE_INFORMATION_TYPE', null, '办事指南', '', '2018-08-27 13:01:39', '2018-08-27 13:01:39', '0', '1', null, '', '0'), ('SHANG_BAN_SHI_JIAN', 'SYS_CONFIG', '上班时间', '', '2018-08-30 16:45:04', '2018-09-10 00:24:17', '0', '1', null, '07:50', '0'), ('SHANG_PIN_FANG', 'HOUSE_TYPE', '商品房', '', '2017-08-05 22:54:07', '2017-08-05 22:54:07', '0', '1', 'administrator', '', '0'), ('SHE_QU_AN_QUAN', 'MENU_TYPE', '社区安全', '', '2018-08-20 14:29:54', '2018-08-10 14:29:54', '0', '1', null, 'http://source.wenxiaoyou.com/test/nav_manager.png', '8899'), ('SHE_QU_ZI_YUAN', 'MENU_TYPE', '社区资源', '', '2018-08-20 14:29:54', '2018-08-10 14:29:54', '0', '1', null, 'http://source.wenxiaoyou.com/test/nav_public.png', '9899'), ('shortmessageGreet', 'DUAN_XIN', '发送记录', '', '2018-08-20 14:29:54', '2018-08-10 14:29:54', '0', '1', null, '', '9690'), ('SIHUYUAN_TYPE', 'ADDRESS_STRUCTURE_TYPE', '四合院/大杂院', '', '2017-08-05 22:54:07', '2017-08-05 22:54:07', '0', '1', 'administrator', '', '0'), ('STAFF', 'USER_TYPE', '社区工作人员', '', '2017-08-05 22:54:07', '2017-08-05 22:54:07', '0', '1', 'administrator', '', '0'), ('staffAdmin', 'XI_TONG_GUAN_LI', '员工管理', '', '2018-08-20 14:29:54', '2018-08-10 14:29:54', '0', '1', null, '', '8785'), ('STAFF_TYPE', null, '工作人员类型', '', '2017-08-05 22:54:07', '2017-08-05 22:54:07', '0', '1', 'administrator', '', '0'), ('subdistrict-map', 'MENU_TYPE', '民情管理（街道）', '', '2018-08-20 14:29:54', '2018-08-10 14:29:54', '0', '1', null, 'http://source.wenxiaoyou.com/test/nav_all.png', '8499'), ('SUB_DISTRICT', 'AREA_LEVEL', '街道', '', '2017-08-05 22:54:07', '2017-08-05 22:54:07', '0', '1', 'administrator', '', '0'), ('successivePartyCommittees', 'DANG', '历届党委', '', '2018-08-20 14:29:54', '2018-08-10 14:29:54', '0', '1', null, '', '9485'), ('SUPERIOR', 'USER_TYPE', '上级管理员', '', '2017-08-05 22:54:07', '2017-08-05 22:54:07', '0', '1', 'administrator', '', '0'), ('SYS_CONFIG', null, '系统配置', '', '2018-08-30 16:44:44', '2018-08-30 16:44:46', '0', '1', 'administrator', '', '0'), ('TAG_DISABLE', 'RESIDENT_TAG', '残疾', '', '2017-08-05 22:54:07', '2017-08-05 22:54:07', '0', '1', 'administrator', '残', '0'), ('TAG_DISADVANTAGED', 'RESIDENT_TAG', '低保', '', '2017-08-05 22:54:07', '2017-08-05 22:54:07', '0', '1', 'administrator', '保', '0'), ('TAG_FOREIGN_NATIONALITY', 'RESIDENT_TAG', '外籍', '', '2018-08-21 13:49:09', '2018-08-21 13:49:09', '0', '1', null, '外', '0'), ('TAG_KONG_CHAO', 'RESIDENT_TAG', '空巢老人', '', '2017-08-05 22:54:07', '2017-08-05 22:54:07', '0', '1', 'administrator', '空', '0'), ('TAG_LONELY_ELDER', 'RESIDENT_TAG', '独居老人', '', '2017-08-05 22:54:07', '2017-08-05 22:54:07', '0', '1', 'administrator', '独', '0'), ('TAG_MINORITY', 'RESIDENT_TAG', '少数民族', '', '2017-08-05 22:54:07', '2017-08-05 22:54:07', '0', '1', 'administrator', '少', '0'), ('TAG_OLD_MAN', 'RESIDENT_TAG', '老人', '', '2017-08-05 22:54:07', '2017-08-05 22:54:07', '0', '1', 'administrator', '老', '0'), ('TAG_OVER_SEAS', 'RESIDENT_TAG', '侨眷', '', '2018-08-21 13:48:09', '2018-08-21 13:48:09', '0', '1', null, '侨', '0'), ('TAG_PARTY_MEMBER', 'RESIDENT_TAG', '党员', '', '2017-08-05 22:54:07', '2017-08-05 22:54:07', '0', '1', 'administrator', '党', '0'), ('TAG_PREGNANT', 'RESIDENT_TAG', '育龄妇女', '', '2017-08-05 22:54:07', '2017-08-05 22:54:07', '0', '1', 'administrator', '妇', '0'), ('TAG_SALVAGE_TEACH', 'RESIDENT_TAG', '两劳帮教', '', '2018-08-21 13:51:33', '2018-08-21 13:51:33', '0', '1', null, '改', '0'), ('TAG_VOLUNTEER', 'RESIDENT_TAG', '社区志愿者', '', '2017-08-05 22:54:07', '2017-08-05 22:54:07', '0', '1', 'administrator', '志', '0'), ('TAG_VOLUNTEER_DETOXIFICATION', 'RESIDENT_TAG', '失独', '', '2018-08-21 13:44:04', '2018-08-21 13:44:04', '0', '1', null, '失', '0'), ('TaskApproval', 'GONG_ZUO', '任务审批', '', '2018-08-20 14:29:54', '2018-08-10 14:29:54', '0', '1', null, '', '9090'), ('telephone', 'WEI_XIN', '便民电话', '', '2018-08-20 14:29:54', '2018-08-10 14:29:54', '0', '1', null, '', '9595'), ('TENANT_ADMIN', 'USER_TYPE', '社区管理员', '', '2017-08-05 22:54:07', '2017-08-05 22:54:07', '0', '1', 'administrator', '', '0'), ('TONG_ZAI', 'RENHU_TYPE', '人户同在', '', '2017-08-05 22:54:07', '2017-08-05 22:54:07', '0', '1', 'administrator', '', '0'), ('TRAFFIC_STATION', 'LIVING_CIRCLE_TYPE', '交通站点', '', '2018-08-10 14:29:54', '2018-08-10 14:29:54', '0', '1', null, '交', '0'), ('TUAN_YUAN', 'POLITICS_TYPE', '团员', '', '2017-08-05 22:54:07', '2017-08-05 22:54:07', '0', '1', 'administrator', '', '0'), ('UNCLE', 'RELATIONSHIP_TAG', '叔婶姑（夫）/侄', '', '2017-08-05 22:54:07', '2017-08-05 22:54:07', '0', '1', 'administrator', '', '0'), ('undergroundSpace', 'SHE_QU_ZI_YUAN', '地下空间', '', '2018-08-20 14:29:54', '2018-08-10 14:29:54', '0', '1', null, '', '9895'), ('UNEMPLOYED', 'PUBLIC_SERVICE_TYPE', '失业办理', '', '2018-09-05 14:30:06', '2018-09-05 14:30:06', '0', '1', null, '', '0'), ('VEGETABLE_MARKET', 'LIVING_CIRCLE_TYPE', '菜场', '', '2018-08-10 14:29:54', '2018-08-10 14:29:54', '0', '1', null, '菜', '0'), ('vehicleInfo', 'MINQING_SHUJU', '车辆信息', '', '2018-08-20 14:29:54', '2018-08-10 14:29:54', '0', '1', null, '', '9975'), ('visitRecord', 'ZOU_FANG', '走访记录', '', '2018-08-20 14:29:54', '2018-08-10 14:29:54', '0', '1', null, '', '9395'), ('volunteer-act-mgr', 'ZHI_YUAN_ZHE', '志愿者活动', '', '2018-08-20 14:29:54', '2018-08-10 14:29:54', '0', '1', null, '', '9190'), ('volunteer-mgr', 'ZHI_YUAN_ZHE', '志愿者管理', '', '2018-08-20 14:29:54', '2018-08-10 14:29:54', '0', '1', null, '', '9195'), ('wechatConfig', 'WEI_XIN', '微信配置', '', '2018-09-01 17:08:27', '2018-09-01 17:08:29', '0', '1', null, '', '9580'), ('wechatMenu', 'WEI_XIN', '菜单管理', '', '2018-08-20 14:29:54', '2018-08-10 14:29:54', '0', '1', null, '', '9581'), ('WEI_HUN', 'MARRIAGE_TYPE', '未婚', '', '2017-08-05 22:54:07', '2017-08-05 22:54:07', '0', '1', 'administrator', '', '0'), ('WEI_LAO_FU_WU', 'MENU_TYPE', '为老服务', '', '2018-08-20 14:29:54', '2018-08-10 14:29:54', '0', '1', null, 'http://source.wenxiaoyou.com/test/nav_know.png', '9299'), ('WEI_XIN', 'MENU_TYPE', '微信平台', '', '2018-08-20 14:29:54', '2018-08-10 14:29:54', '0', '1', null, 'http://source.wenxiaoyou.com/test/nav_wechat.png', '9599'), ('WELL_SEWAGE', 'FACILITIES_WELL', '污水井盖', '', '2017-08-05 22:54:07', '2017-08-05 22:54:07', '0', '1', 'administrator', '', '0'), ('WELL_TELCOMM', 'FACILITIES_WELL', '通信井盖', '', '2017-08-05 22:54:07', '2017-08-05 22:54:07', '0', '1', 'administrator', '', '0'), ('WELL_WATER', 'FACILITIES_WELL', '饮用水井盖', '', '2017-08-05 22:54:07', '2017-08-05 22:54:07', '0', '1', 'administrator', '', '0'), ('WorkArrangement', 'GONG_ZUO', '工作安排', '', '2018-08-20 14:29:54', '2018-08-10 14:29:54', '0', '1', null, '', '9095'), ('XIANDAI_TYPE', 'ADDRESS_STRUCTURE_TYPE', '现代多层高层社区', '', '2017-08-05 22:54:07', '2017-08-05 22:54:07', '0', '1', 'administrator', '', '0'), ('XIAOXUE', 'EDUCATION_TYPE', '小学', '', '2017-08-05 22:54:07', '2017-08-05 22:54:07', '0', '1', 'administrator', '', '0'), ('XIA_BAN_SHI_JIAN', 'SYS_CONFIG', '下班时间', '', '2018-08-30 16:46:13', '2018-09-10 00:24:18', '0', '1', null, '', '0'), ('XI_TONG_GUAN_LI', 'MENU_TYPE', '系统管理', '', '2018-08-20 14:29:54', '2018-08-10 14:29:54', '0', '1', null, 'http://source.wenxiaoyou.com/test/nav_systerm.png', '8799'), ('YANJIUSHENG', 'EDUCATION_TYPE', '研究生', '', '2017-08-05 22:54:07', '2017-08-05 22:54:07', '0', '1', 'administrator', '', '0'), ('YI_HUN', 'MARRIAGE_TYPE', '已婚', '', '2017-08-05 22:54:07', '2017-08-05 22:54:07', '0', '1', 'administrator', '', '0'), ('ZHENG_BAN_SHI_XIANG', 'MENU_TYPE', '政办事项', '', '2018-08-20 14:29:54', '2018-08-10 14:29:54', '0', '1', null, 'http://source.wenxiaoyou.com/test/nav_work.png', '9799'), ('ZHI_YUAN_ZHE', 'MENU_TYPE', '社区志愿者', '', '2018-08-20 14:29:54', '2018-08-10 14:29:54', '0', '1', null, 'http://source.wenxiaoyou.com/test/nav_vollunter.png', '9199'), ('ZOU_FANG', 'MENU_TYPE', '走访慰问', '', '2018-08-20 14:29:54', '2018-08-10 14:29:54', '0', '1', null, 'http://source.wenxiaoyou.com/test/nav_visit.png', '9399');

 -- 考勤类型
insert into `dictionary` values ( 'ATTENDANCE_TYPE', '', '考勤类型', '', '2018-08-10 14:29:54', '2018-08-10 14:29:54', '0', '1', null,'', 0);
insert into `dictionary` values ( 'DA_KA', 'ATTENDANCE_TYPE', '打卡', '', '2018-08-10 14:29:54', '2018-08-10 14:29:54', '0', '1', null,'', 0);
insert into `dictionary` values ( 'BU_KA', 'ATTENDANCE_TYPE', '补卡', '', '2018-08-10 14:29:54', '2018-08-10 14:29:54', '0', '1', null,'', 0);

-- 考勤申请类型
insert into `dictionary` values ( 'ATTENDANCE_REQUEST_TYPE', '', '考勤申请类型', '', '2018-08-10 14:29:54', '2018-08-10 14:29:54', '0', '1', null,'', 0);
insert into `dictionary` values ( 'QING_JIA', 'ATTENDANCE_REQUEST_TYPE', '请假', '', '2018-08-10 14:29:54', '2018-08-10 14:29:54', '0', '1', null,'', 0);
insert into `dictionary` values ( 'NIAN_JIA', 'ATTENDANCE_REQUEST_TYPE', '年假', '', '2018-08-10 14:29:54', '2018-08-10 14:29:54', '0', '1', null,'', 0);
insert into `dictionary` values ( 'BU_KA_SHEN_QING', 'ATTENDANCE_REQUEST_TYPE', '补卡', '', '2018-08-10 14:29:54', '2018-08-10 14:29:54', '0', '1', null,'', 0);
insert into `dictionary` values ( 'JIA_BAN', 'ATTENDANCE_REQUEST_TYPE', '加班', '', '2018-08-10 14:29:54', '2018-08-10 14:29:54', '0', '1', null,'', 0);


COMMIT;

SET FOREIGN_KEY_CHECKS = 1;


SET NAMES utf8;
SET FOREIGN_KEY_CHECKS = 0;

-- ----------------------------
--  Table structure for `permission`
-- ----------------------------
DROP TABLE IF EXISTS `permission`;
CREATE TABLE `permission` (
  `id` varchar(32) NOT NULL COMMENT '权限id',
  `parent_id` varchar(32) NOT NULL DEFAULT '',
  `code` varchar(64) NOT NULL COMMENT '权限识别码',
  `name` varchar(32) NOT NULL COMMENT '权限名',
  `menu_key` varchar(32) NOT NULL COMMENT '权限对应的菜单',
  `created_time` datetime NOT NULL DEFAULT CURRENT_TIMESTAMP COMMENT '创建时间',
  `updated_time` datetime NOT NULL DEFAULT CURRENT_TIMESTAMP COMMENT '更新时间',
  `deleted` tinyint(1) NOT NULL DEFAULT '0' COMMENT '删除状态',
  PRIMARY KEY (`id`)
) ENGINE=InnoDB DEFAULT CHARSET=utf8 COMMENT='用户权限表';

-- ----------------------------
--  Records of `permission`
-- ----------------------------
BEGIN;
INSERT INTO `permission` VALUES ('1', '', 'none', '民情数据', '', '2018-08-20 14:29:54', '2018-08-10 14:29:54', '0'), ('10', '1', 'serviceMatters', '服务事项', 'serviceMatters', '2018-08-20 14:29:54', '2018-08-10 14:29:54', '0'), ('1000', '', 'root', '根权限', 'root', '2018-08-29 18:47:06', '2018-08-29 18:47:06', '1'), ('1000001', '10', 'PublicService:selectAllByPage', '查看服务事项列表', '', '2018-09-10 19:02:31', '2018-09-10 19:02:31', '0'), ('1000002', '10', 'PublicService:insertPublicService', '添加服务事项', '', '2018-09-10 19:02:49', '2018-09-10 19:02:49', '0'), ('1000003', '10', 'PublicService:updatePublicService', '修改服务事项', '', '2018-09-10 19:03:07', '2018-09-10 19:03:07', '0'), ('1000004', '10', 'PublicService:deletePublicService', '删除服务事项', '', '2018-09-10 19:03:18', '2018-09-10 19:03:18', '0'), ('1000005', '10', 'PublicService:createPublicServiceExcel', '导出服务事项Excel', '', '2018-09-10 19:05:05', '2018-09-10 19:05:05', '0'), ('11', '1', 'generateUserData', '生成民情图', 'generateUserData', '2018-08-20 14:29:54', '2018-08-10 14:29:54', '0'), ('1100001', '11', 'Resident:searchResidentCensus', '查看民情图', '', '2018-09-10 19:07:30', '2018-09-10 19:07:30', '0'), ('1100002', '11', 'Resident:quickSearchCreateExcel', '下载民情图Excel', '', '2018-09-10 19:07:42', '2018-09-10 19:07:42', '0'), ('113', '', 'SHE_QU_ZI_YUAN', '社区资源', 'undergroundSpace', '2018-08-20 14:29:54', '2018-08-10 14:29:54', '0'), ('11301', '14', 'Facilities:queryByPage', '查询公共设施', '', '2018-09-10 16:32:41', '2018-09-10 16:32:41', '0'), ('11302', '14', 'Facilities:insertFacilities', '添加公共设施', '', '2018-09-10 16:32:04', '2018-09-10 16:32:04', '0'), ('115', '', 'ZHENG_BAN_SHI_XIANG', '政办事项', 'govMatters', '2018-08-20 14:29:54', '2018-08-10 14:29:54', '0'), ('116', '', 'DUAN_XIN', '短信问候', 'groupInformation', '2018-08-20 14:29:54', '2018-08-20 14:29:54', '0'), ('118', '', 'WEI_XIN', '微信平台', 'member-mgr', '2018-08-20 14:29:54', '2018-08-10 14:29:54', '0'), ('12', '1', 'parkingAdmin', '车位管理', 'parkingAdmin', '2018-08-20 14:29:54', '2018-08-10 14:29:54', '0'), ('1200001', '12', 'ParkingLot:searchParkingLot', '查看车位列表', '', '2018-09-10 19:10:27', '2018-09-10 19:10:27', '0'), ('1200002', '12', 'ParkingLot:insertParkingLot', '添加车位', '', '2018-09-10 19:11:00', '2018-09-10 19:11:00', '0'), ('1200003', '12', 'ParkingLot:updateParkingLot', '修改车位', '', '2018-09-10 19:11:22', '2018-09-10 19:11:22', '0'), ('1200004', '12', 'ParkingLot:deleteParkingLot', '删除车位', '', '2018-09-10 19:11:35', '2018-09-10 19:11:35', '0'), ('124', '', 'DANG', '党组织', 'PartyOrganizeOverview', '2018-08-20 14:29:54', '2018-08-10 14:29:54', '0'), ('13', '113', 'undergroundSpace', '地下空间', 'undergroundSpace', '2018-08-20 14:29:54', '2018-08-10 14:29:54', '0'), ('131', '', 'ZOU_FANG', '走访慰问', 'visitRecord', '2018-08-20 14:29:54', '2018-08-10 14:29:54', '0'), ('132', '', 'WEI_LAO_FU_WU', '为老服务', 'olderService', '2018-08-20 14:29:54', '2018-08-10 14:29:54', '0'), ('133', '', 'ZHI_YUAN_ZHE', '社区志愿者', 'volunteer-mgr', '2018-08-20 14:29:54', '2018-08-10 14:29:54', '0'), ('135', '', 'GONG_ZUO_AN_PAI', '我的工作', 'WorkArrangement', '2018-08-20 14:29:54', '2018-08-10 14:29:54', '0'), ('136', '135', 'TaskApproval', '任务审批', 'TaskApproval', '2018-08-20 14:29:54', '2018-08-10 14:29:54', '0'), ('137', '', 'KAO_QIN_SHU_JU', '考勤数据', 'attendance-data', '2018-08-20 14:29:54', '2018-08-10 14:29:54', '0'), ('139', '', 'SHE_QU_AN_QUAN', '社区安全', 'care-securiy', '2018-08-20 14:29:54', '2018-08-10 14:29:54', '0'), ('14', '113', 'Facilities:*', '公共设施', 'publicFacilities', '2018-08-20 14:29:54', '2018-08-10 14:29:54', '0'), ('143', '', 'XI_TONG_GUAN_LI', '系统管理', 'backupsData', '2018-08-20 14:29:54', '2018-08-10 14:29:54', '0'), ('15', '115', 'govMatters', '居住证明', 'govMatters', '2018-08-20 14:29:54', '2018-08-10 14:29:54', '0'), ('150', '', 'CHAO_JI_GUAN_LI_YUAN', '超级管理员', 'communty-admin', '2018-08-20 14:29:54', '2018-08-10 14:29:54', '0'), ('16', '116', 'groupInformation', '群发短信', 'groupInformation', '2018-08-20 14:29:54', '2018-08-20 14:29:54', '0'), ('17', '116', 'shortmessageGreet', '发送记录', 'shortmessageGreet', '2018-08-20 14:29:54', '2018-08-10 14:29:54', '0'), ('18', '118', 'member-mgr', '会员管理', 'member-mgr', '2018-08-20 14:29:54', '2018-08-10 14:29:54', '0'), ('19', '118', 'telephone', '便民电话', 'telephone', '2018-08-20 14:29:54', '2018-08-10 14:29:54', '0'), ('192', '118', 'wechatConfig', '微信配置', 'wechatConfig', '2018-09-01 17:13:30', '2018-09-01 17:13:30', '0'), ('2', '1', 'Gis:getMapGisInfo,Resident:quickSearch,Address:getFamiliyInfo', '社区地图', 'home', '2018-08-20 14:29:54', '2018-08-10 14:29:54', '0'), ('20', '118', 'complain', '服务诉求', 'complain', '2018-08-20 14:29:54', '2018-08-10 14:29:54', '0'), ('200', '115', 'employment', '就业/失业登记', 'employmentUnemployment', '2018-09-04 15:16:40', '2018-09-04 15:16:40', '0'), ('200001', '2', 'Gis:getMapGisInfo', '查看社区地图', '', '2018-09-10 17:50:15', '2018-09-10 17:50:15', '0'), ('200002', '2', 'Resident:quickSearch', '社区地图快速搜索', '', '2018-09-10 17:50:47', '2018-09-10 17:50:47', '0'), ('200003', '2', 'Address:getFamiliyInfo', '社区地图点击查看', '', '2018-09-10 17:51:00', '2018-09-10 17:51:00', '0'), ('201', '115', 'olderCard', '老年卡/证办理', 'handlingOlderCard', '2018-09-04 15:17:05', '2018-09-04 15:17:05', '0'), ('202', '115', 'retire', '退休办理', 'retire', '2018-09-04 15:17:38', '2018-09-04 15:17:38', '0'), ('203', '115', 'disabilityCertificate', '残疾证明', 'disabilityCertificate', '2018-09-04 15:18:08', '2018-09-04 15:18:08', '0'), ('21', '118', 'community-news', '社区动态', 'community-news', '2018-08-20 14:29:54', '2018-08-10 14:29:54', '0'), ('22', '118', 'guide', '办事指南', 'guide', '2018-08-20 14:29:54', '2018-08-10 14:29:54', '0'), ('23', '118', 'wechatMenu', '菜单管理', 'wechatMenu', '2018-08-20 14:29:54', '2018-08-10 14:29:54', '0'), ('24', '124', 'PartyOrganizeOverview', '党组织总览', 'PartyOrganizeOverview', '2018-08-20 14:29:54', '2018-08-10 14:29:54', '0'), ('25', '124', 'party-info', '党员信息', 'party-info', '2018-08-20 14:29:54', '2018-08-10 14:29:54', '0'), ('26', '124', 'successivePartyCommittees', '历届党委', 'successivePartyCommittees', '2018-08-20 14:29:54', '2018-08-10 14:29:54', '0'), ('27', '124', 'party-fee', '党费管理', 'party-fee', '2018-08-20 14:29:54', '2018-08-10 14:29:54', '0'), ('28', '124', 'partyTransfer', '转接党关系', 'partyTransfer', '2018-08-20 14:29:54', '2018-08-10 14:29:54', '0'), ('29', '124', 'partyDevelopmentCultivation', '党员发展与培养', 'partyDevelopmentCultivation', '2018-08-20 14:29:54', '2018-08-10 14:29:54', '0'), ('3', '1', 'CommunityProfile', '社区总览', 'CommunityProfile', '2018-08-20 14:29:54', '2018-08-10 14:29:54', '0'), ('30', '124', 'party-activity', '党员活动', 'party-activity', '2018-08-20 14:29:54', '2018-08-10 14:29:54', '0'), ('300001', '3', 'Tenant:getTenantPeople', '查看居民统计', '', '2018-09-10 18:16:53', '2018-09-10 18:16:53', '0'), ('300002', '3', 'Tenant:getTenantById', '查看社区信息', '', '2018-09-10 18:18:17', '2018-09-10 18:18:17', '0'), ('300003', '3', 'Tenant:updateTenant', '更新社区名及内容', '', '2018-09-10 18:18:29', '2018-09-10 18:18:29', '0'), ('31', '131', 'visitRecord', '走访记录', 'visitRecord', '2018-08-20 14:29:54', '2018-08-10 14:29:54', '0'), ('32', '132', 'olderService', '慢病统计', 'olderService', '2018-08-20 14:29:54', '2018-08-10 14:29:54', '0'), ('33', '133', 'volunteer-mgr', '志愿者管理', 'volunteer-mgr', '2018-08-20 14:29:54', '2018-08-10 14:29:54', '0'), ('34', '133', 'volunteer-act-mgr', '志愿者活动', 'volunteer-act-mgr', '2018-08-20 14:29:54', '2018-08-10 14:29:54', '0'), ('35', '135', 'WorkArrangement', '工作安排', 'WorkArrangement', '2018-08-20 14:29:54', '2018-08-10 14:29:54', '0'), ('36', '135', 'TaskApproval', '任务审批', 'TaskApproval', '2018-08-20 14:29:54', '2018-08-10 14:29:54', '0'), ('37', '137', 'attendance-data', '考勤统计', 'attendance-data', '2018-08-20 14:29:54', '2018-08-10 14:29:54', '0'), ('38', '137', 'attendance-statistics', '历史考勤', 'attendance-statistics', '2018-08-20 14:29:54', '2018-08-10 14:29:54', '0'), ('39', '139', 'care-securiy', '车辆管理', 'care-securiy', '2018-08-20 14:29:54', '2018-08-10 14:29:54', '0'), ('4', '1', 'residentInfo', '居民信息', 'residentInfo', '2018-08-20 14:29:54', '2018-08-10 14:29:54', '0'), ('40', '139', 'people-mgr', '人员管理', 'people-mgr', '2018-08-20 14:29:54', '2018-08-10 14:29:54', '0'), ('400001', '4', 'Tenant:getTenantHouse', '查看基本信息', '', '0000-00-00 00:00:00', '0000-00-00 00:00:00', '0'), ('400002', '4', 'Tenant:selectResidentCount', '查看性别年龄', '', '2018-09-10 18:20:57', '2018-09-10 18:20:57', '0'), ('400003', '4', 'Tenant:selectResidentCountByHuji', '查看户籍信息', '', '2018-09-10 18:21:10', '2018-09-10 18:21:10', '0'), ('41', '139', 'door-securiy', '小区门禁', 'door-securiy', '2018-08-20 14:29:54', '2018-08-10 14:29:54', '0'), ('42', '139', 'outpeople-mrg', '外来人管理', 'outpeople-mrg', '2018-08-20 14:29:54', '2018-08-10 14:29:54', '0'), ('43', '143', 'backupsData', '数据备份', 'backupsData', '2018-08-20 14:29:54', '2018-08-10 14:29:54', '0'), ('44', '143', 'roleAdmin', '权限管理', 'roleAdmin', '2018-08-20 14:29:54', '2018-08-10 14:29:54', '0'), ('45', '143', 'staffAdmin', '员工管理', 'staffAdmin', '2018-08-20 14:29:54', '2018-08-10 14:29:54', '0'), ('46', '143', 'dictionaryAdmin', '词典管理', 'dictionaryAdmin', '2018-08-20 14:29:54', '2018-08-10 14:29:54', '0'), ('47', '143', 'GISData', 'GIS采编', 'GISData', '2018-08-20 14:29:54', '2018-08-10 14:29:54', '0'), ('48', '143', 'operationRecord', '操作记录', 'operationRecord', '2018-08-20 14:29:54', '2018-08-10 14:29:54', '0'), ('49', '143', 'otherAdmin', '社区配置', 'otherAdmin', '2018-08-20 14:29:54', '2018-08-10 14:29:54', '0'), ('5', '1', 'buildingInfo', '社区楼院', 'buildingInfo', '2018-08-20 14:29:54', '2018-08-10 14:29:54', '0'), ('50', '150', 'communityAdmin', '社区管理', 'communityAdmin', '2018-08-20 14:29:54', '2018-08-10 14:29:54', '0'), ('500001', '5', 'Tennat:getTenantHouse', '查看房屋信息', '', '2018-09-10 18:24:10', '2018-09-10 18:24:10', '0'), ('500002', '5', 'Tennat:getFacilitiesById', '查看公共设施', '', '2018-09-10 18:24:32', '2018-09-10 18:24:32', '0'), ('500003', '5', 'Tennat:getAddressBuilding', '查看楼院列表信息', '', '2018-09-10 18:25:21', '2018-09-10 18:25:21', '0'), ('51', '150', 'account-admin', '账号管理', 'account-admin', '2018-08-20 14:29:54', '2018-08-10 14:29:54', '0'), ('53', '150', 'dictionarySuperAdmin', '词典管理', 'dictionarySuperAdmin', '2018-08-20 14:29:54', '2018-08-10 14:29:54', '0'), ('54', '150', 'rootRoleAdmin', '权限管理', 'rootRoleAdmin', '2018-09-07 15:13:23', '2018-09-07 15:13:23', '0'), ('6', '1', 'vehicleInfo', '车辆信息', 'vehicleInfo', '2018-08-20 14:29:54', '2018-08-10 14:29:54', '0'), ('600001', '6', 'VehicleInfo:searchVehicles', '查看车辆列表', '', '2018-09-10 18:41:16', '2018-09-10 18:41:16', '0'), ('600002', '6', 'VehicleInfo:insertVehicleInfo', '添加车辆信息', '', '2018-09-10 18:42:46', '2018-09-10 18:42:46', '0'), ('600003', '6', 'VehicleInfo:updateVehicleInfo', '修改车辆信息', '', '2018-09-10 18:43:10', '2018-09-10 18:43:10', '0'), ('600004', '6', 'VehicleInfo:deleteVehicleInfo', '删除车辆信息', '', '2018-09-10 18:43:44', '2018-09-10 18:43:44', '0'), ('600005', '6', 'VehicleInfo:createVehiclesExcel', '下载车辆Excel', '', '2018-09-10 18:44:29', '2018-09-10 18:44:29', '0'), ('7', '1', 'enterpriseList', '企业名录', 'enterpriseList', '2018-08-20 14:29:54', '2018-08-10 14:29:54', '0'), ('700001', '7', 'Company:getAllByType', '查看企业名录列表', '', '2018-09-10 18:48:48', '2018-09-10 18:48:48', '0'), ('700002', '7', 'Company:insertPublicResource', '添加企业信息', '', '2018-09-10 18:49:21', '2018-09-10 18:49:21', '0'), ('700003', '7', 'Company:deletePublicResource', '删除企业信息', '', '2018-09-10 18:49:53', '2018-09-10 18:49:53', '0'), ('700004', '7', 'Company:updatePublicResource', '修改企业信息', '', '2018-09-10 18:50:26', '2018-09-10 18:50:26', '0'), ('8', '1', 'honor', '社区荣誉', 'honor', '2018-08-20 14:29:54', '2018-08-10 14:29:54', '0'), ('800001', '8', 'CommunityHonor:selectByTenantId', '查看社区荣誉列表', '', '2018-09-10 18:56:30', '2018-09-10 18:56:30', '0'), ('800002', '8', 'CommunityHonor:insertCommunityHonor', '添加社区荣誉', '', '2018-09-10 18:57:01', '2018-09-10 18:57:01', '0'), ('800003', '8', 'CommunityHonor:deleteCommunityHonor', '删除社区荣誉', '', '2018-09-10 18:57:24', '2018-09-10 18:57:24', '0'), ('9', '1', 'lifeInfo', '居民生活圈', 'lifeInfo', '2018-08-20 14:29:54', '2018-08-10 14:29:54', '0'), ('900001', '9', 'PublicResource:getAllByType', '查询生活圈', '', '2018-09-10 18:59:15', '2018-09-10 18:59:15', '0'), ('900002', '9', 'PublicResource:insertPublicResource', '添加生活圈', '', '2018-09-10 18:59:22', '2018-09-10 18:59:22', '0'), ('900003', '9', 'PublicResource:updatePublicResource', '修改生活圈', '', '2018-09-10 19:00:26', '2018-09-10 19:00:26', '0'), ('900004', '9', 'PublicResource:deletePublicResource', '删除生活圈', '', '2018-09-10 19:00:15', '2018-09-10 19:00:15', '0');
COMMIT;

SET FOREIGN_KEY_CHECKS = 1;


SET NAMES utf8;
SET FOREIGN_KEY_CHECKS = 0;

-- ----------------------------
--  Table structure for `role`
-- ----------------------------
DROP TABLE IF EXISTS `role`;
CREATE TABLE `role` (
  `id` varchar(32) NOT NULL COMMENT '角色id',
  `code` varchar(64) NOT NULL COMMENT '角色识别码',
  `name` varchar(32) NOT NULL COMMENT '角色名',
  `created_time` datetime NOT NULL DEFAULT CURRENT_TIMESTAMP COMMENT '创建时间',
  `updated_time` datetime NOT NULL DEFAULT CURRENT_TIMESTAMP COMMENT '更新时间',
  `tenant_id` varchar(32) NOT NULL COMMENT '租户id',
  `deleted` tinyint(1) NOT NULL DEFAULT '0' COMMENT '删除状态',
  PRIMARY KEY (`id`)
) ENGINE=InnoDB DEFAULT CHARSET=utf8 COMMENT='用户角色表';

-- ----------------------------
--  Records of `role`
-- ----------------------------
BEGIN;
INSERT INTO `role` VALUES ('2c9ffe62bd7b4ddc96ae002b3b62297d', 'ROOT', '超级管理员', '2018-08-30 11:55:19', '2018-08-30 11:55:19', '', '0'), ('50a0d0f7676842ed8533f17d635f209e', 'CE_SHI_7CK5', '测试', '2018-09-10 16:33:59', '2018-09-10 16:33:59', 'b82e5e235aec428a87d5310f3a0f285a', '0'), ('dfb8bbbeaf784d3db3228ff9034193e2', 'TENANT_ADMIN', '社区管理员', '2018-09-04 15:39:00', '2018-09-04 15:39:00', '', '0'), ('f76ed45d29a54c84ab6200c0f1f02609', 'STAFF', '社区员工', '2018-09-04 11:12:47', '2018-09-04 11:12:47', '', '0');
COMMIT;

SET FOREIGN_KEY_CHECKS = 1;


SET NAMES utf8;
SET FOREIGN_KEY_CHECKS = 0;

-- ----------------------------
--  Table structure for `staff`
-- ----------------------------
DROP TABLE IF EXISTS `staff`;
CREATE TABLE `staff` (
  `id` varchar(32) NOT NULL COMMENT 'id',
  `type` varchar(32) NOT NULL COMMENT '人员类型：超级管理员，上级管理员，社区管理员（租户），社区工作人员',
  `username` varchar(128) NOT NULL COMMENT '用户名',
  `password` varchar(32) NOT NULL COMMENT '密码',
  `salt` varchar(32) NOT NULL COMMENT '盐',
  `phone` varchar(16) DEFAULT NULL COMMENT '手机号',
  `email` varchar(32) DEFAULT NULL COMMENT '邮箱',
  `avatar_url` text COMMENT '头像',
  `last_login_ip` varchar(64) DEFAULT NULL COMMENT '上次登录ip',
  `birthday` varchar(32) NOT NULL DEFAULT '' COMMENT '生日',
  `gender` varchar(16) NOT NULL DEFAULT '' COMMENT '性别',
  `location` varchar(255) NOT NULL DEFAULT '' COMMENT '位置',
  `is_test` tinyint(1) NOT NULL DEFAULT '0' COMMENT '是否测试',
  `deleted` tinyint(1) NOT NULL DEFAULT '0' COMMENT '删除状态',
  `locked` tinyint(1) NOT NULL DEFAULT '0' COMMENT '锁定状态',
  `locked_time` datetime DEFAULT NULL COMMENT '锁定时间',
  `ua` text,
  `device_token` text,
  `tenant_id` varchar(32) NOT NULL COMMENT '租户id，区分租户子账号',
  `created_time` datetime NOT NULL DEFAULT CURRENT_TIMESTAMP,
  `updated_time` datetime NOT NULL DEFAULT CURRENT_TIMESTAMP,
  `version` int(11) DEFAULT '1' COMMENT '乐观锁',
  `operator` varchar(32) DEFAULT NULL COMMENT '操作人员id',
  PRIMARY KEY (`id`)
) ENGINE=InnoDB DEFAULT CHARSET=utf8 COMMENT='工作人员表';

-- ----------------------------
--  Records of `staff`
-- ----------------------------
BEGIN;
INSERT INTO `staff` VALUES ('staff_root_id', 'ROOT', 'root', '1f0c6a3ff04c9f9e806f183e8230897e', 'dc78e5ac14104828a5acf7074b7e905b', '13011111111', 'root@126.com', null, null, '', '', '', '0', '0', '0', null, null, null, '', '2018-09-08 15:19:13', '2018-09-08 15:19:13', '1', null);
COMMIT;

SET FOREIGN_KEY_CHECKS = 1;


SET NAMES utf8;
SET FOREIGN_KEY_CHECKS = 0;

-- ----------------------------
--  Table structure for `role_permission`
-- ----------------------------
DROP TABLE IF EXISTS `role_permission`;
CREATE TABLE `role_permission` (
  `role_id` varchar(32) NOT NULL COMMENT '角色id',
  `permission_id` varchar(32) NOT NULL COMMENT '权限id',
  `created_time` datetime NOT NULL DEFAULT CURRENT_TIMESTAMP COMMENT '创建时间',
  PRIMARY KEY (`role_id`,`permission_id`)
) ENGINE=InnoDB DEFAULT CHARSET=utf8 COMMENT='用户角色权限关系表';

-- ----------------------------
--  Records of `role_permission`
-- ----------------------------
BEGIN;
INSERT INTO `role_permission` VALUES ('2c9ffe62bd7b4ddc96ae002b3b62297d', '1', '2018-09-07 14:29:22'), ('2c9ffe62bd7b4ddc96ae002b3b62297d', '10', '2018-09-07 14:29:22'), ('2c9ffe62bd7b4ddc96ae002b3b62297d', '10001', '2018-09-10 17:51:48'), ('2c9ffe62bd7b4ddc96ae002b3b62297d', '10002', '2018-09-10 17:51:53'), ('2c9ffe62bd7b4ddc96ae002b3b62297d', '10003', '2018-09-10 17:51:58'), ('2c9ffe62bd7b4ddc96ae002b3b62297d', '11', '2018-09-07 14:29:22'), ('2c9ffe62bd7b4ddc96ae002b3b62297d', '113', '2018-09-07 14:29:21'), ('2c9ffe62bd7b4ddc96ae002b3b62297d', '115', '2018-09-07 14:29:21'), ('2c9ffe62bd7b4ddc96ae002b3b62297d', '116', '2018-09-07 14:29:21'), ('2c9ffe62bd7b4ddc96ae002b3b62297d', '118', '2018-09-07 14:29:22'), ('2c9ffe62bd7b4ddc96ae002b3b62297d', '12', '2018-09-07 14:29:23'), ('2c9ffe62bd7b4ddc96ae002b3b62297d', '124', '2018-09-07 14:29:23'), ('2c9ffe62bd7b4ddc96ae002b3b62297d', '13', '2018-09-07 14:29:21'), ('2c9ffe62bd7b4ddc96ae002b3b62297d', '131', '2018-09-07 14:29:24'), ('2c9ffe62bd7b4ddc96ae002b3b62297d', '132', '2018-09-07 14:29:24'), ('2c9ffe62bd7b4ddc96ae002b3b62297d', '133', '2018-09-07 14:29:25'), ('2c9ffe62bd7b4ddc96ae002b3b62297d', '135', '2018-09-07 14:29:25'), ('2c9ffe62bd7b4ddc96ae002b3b62297d', '136', '2018-09-07 14:29:25'), ('2c9ffe62bd7b4ddc96ae002b3b62297d', '137', '2018-09-07 14:29:25'), ('2c9ffe62bd7b4ddc96ae002b3b62297d', '139', '2018-09-07 14:29:26'), ('2c9ffe62bd7b4ddc96ae002b3b62297d', '14', '2018-09-07 14:29:21'), ('2c9ffe62bd7b4ddc96ae002b3b62297d', '143', '2018-09-07 14:29:26'), ('2c9ffe62bd7b4ddc96ae002b3b62297d', '15', '2018-09-07 14:29:21'), ('2c9ffe62bd7b4ddc96ae002b3b62297d', '150', '2018-09-10 19:33:46'), ('2c9ffe62bd7b4ddc96ae002b3b62297d', '16', '2018-09-07 14:29:22'), ('2c9ffe62bd7b4ddc96ae002b3b62297d', '17', '2018-09-07 14:29:22'), ('2c9ffe62bd7b4ddc96ae002b3b62297d', '18', '2018-09-07 14:29:22'), ('2c9ffe62bd7b4ddc96ae002b3b62297d', '19', '2018-09-07 14:29:22'), ('2c9ffe62bd7b4ddc96ae002b3b62297d', '192', '2018-09-07 14:29:22'), ('2c9ffe62bd7b4ddc96ae002b3b62297d', '2', '2018-09-07 14:29:23'), ('2c9ffe62bd7b4ddc96ae002b3b62297d', '20', '2018-09-07 14:29:22'), ('2c9ffe62bd7b4ddc96ae002b3b62297d', '200', '2018-09-07 14:29:21'), ('2c9ffe62bd7b4ddc96ae002b3b62297d', '201', '2018-09-07 14:29:21'), ('2c9ffe62bd7b4ddc96ae002b3b62297d', '202', '2018-09-07 14:29:21'), ('2c9ffe62bd7b4ddc96ae002b3b62297d', '203', '2018-09-07 14:29:21'), ('2c9ffe62bd7b4ddc96ae002b3b62297d', '21', '2018-09-07 14:29:22'), ('2c9ffe62bd7b4ddc96ae002b3b62297d', '22', '2018-09-07 14:29:22'), ('2c9ffe62bd7b4ddc96ae002b3b62297d', '23', '2018-09-07 14:29:22'), ('2c9ffe62bd7b4ddc96ae002b3b62297d', '24', '2018-09-07 14:29:24'), ('2c9ffe62bd7b4ddc96ae002b3b62297d', '25', '2018-09-07 14:29:24'), ('2c9ffe62bd7b4ddc96ae002b3b62297d', '26', '2018-09-07 14:29:24'), ('2c9ffe62bd7b4ddc96ae002b3b62297d', '27', '2018-09-07 14:29:24'), ('2c9ffe62bd7b4ddc96ae002b3b62297d', '28', '2018-09-07 14:29:24'), ('2c9ffe62bd7b4ddc96ae002b3b62297d', '29', '2018-09-07 14:29:24'), ('2c9ffe62bd7b4ddc96ae002b3b62297d', '3', '2018-09-07 14:29:23'), ('2c9ffe62bd7b4ddc96ae002b3b62297d', '30', '2018-09-07 14:29:24'), ('2c9ffe62bd7b4ddc96ae002b3b62297d', '31', '2018-09-07 14:29:24'), ('2c9ffe62bd7b4ddc96ae002b3b62297d', '32', '2018-09-07 14:29:24'), ('2c9ffe62bd7b4ddc96ae002b3b62297d', '33', '2018-09-07 14:29:25'), ('2c9ffe62bd7b4ddc96ae002b3b62297d', '34', '2018-09-07 14:29:25'), ('2c9ffe62bd7b4ddc96ae002b3b62297d', '35', '2018-09-07 14:29:25'), ('2c9ffe62bd7b4ddc96ae002b3b62297d', '36', '2018-09-07 14:29:25'), ('2c9ffe62bd7b4ddc96ae002b3b62297d', '37', '2018-09-07 14:29:25'), ('2c9ffe62bd7b4ddc96ae002b3b62297d', '38', '2018-09-07 14:29:25'), ('2c9ffe62bd7b4ddc96ae002b3b62297d', '39', '2018-09-07 14:29:26'), ('2c9ffe62bd7b4ddc96ae002b3b62297d', '4', '2018-09-07 14:29:23'), ('2c9ffe62bd7b4ddc96ae002b3b62297d', '40', '2018-09-07 14:29:26'), ('2c9ffe62bd7b4ddc96ae002b3b62297d', '41', '2018-09-07 14:29:26'), ('2c9ffe62bd7b4ddc96ae002b3b62297d', '42', '2018-09-07 14:29:26'), ('2c9ffe62bd7b4ddc96ae002b3b62297d', '43', '2018-09-07 14:29:27'), ('2c9ffe62bd7b4ddc96ae002b3b62297d', '45', '2018-09-07 14:29:26'), ('2c9ffe62bd7b4ddc96ae002b3b62297d', '46', '2018-09-07 14:29:27'), ('2c9ffe62bd7b4ddc96ae002b3b62297d', '47', '2018-09-07 14:29:27'), ('2c9ffe62bd7b4ddc96ae002b3b62297d', '48', '2018-09-07 14:29:27'), ('2c9ffe62bd7b4ddc96ae002b3b62297d', '49', '2018-09-07 14:29:27'), ('2c9ffe62bd7b4ddc96ae002b3b62297d', '5', '2018-09-07 14:29:23'), ('2c9ffe62bd7b4ddc96ae002b3b62297d', '50', '2018-09-10 19:33:46'), ('2c9ffe62bd7b4ddc96ae002b3b62297d', '51', '2018-09-10 19:33:46'), ('2c9ffe62bd7b4ddc96ae002b3b62297d', '53', '2018-09-10 19:33:46'), ('2c9ffe62bd7b4ddc96ae002b3b62297d', '54', '2018-09-10 19:33:46'), ('2c9ffe62bd7b4ddc96ae002b3b62297d', '6', '2018-09-07 14:29:23'), ('2c9ffe62bd7b4ddc96ae002b3b62297d', '7', '2018-09-07 14:29:23'), ('2c9ffe62bd7b4ddc96ae002b3b62297d', '8', '2018-09-07 14:29:23'), ('2c9ffe62bd7b4ddc96ae002b3b62297d', '9', '2018-09-07 14:29:23'), ('b133ab50ffa840afac62928fdb52e670', '116', '2018-08-30 15:09:10'), ('b133ab50ffa840afac62928fdb52e670', '16', '2018-08-30 15:09:10'), ('b133ab50ffa840afac62928fdb52e670', '17', '2018-08-30 15:09:10'), ('b1a0739c00ff4f30b3e4d6e710ae4375', '4', '2018-08-29 21:01:51'), ('b1a0739c00ff4f30b3e4d6e710ae4375', '6', '2018-08-29 21:01:51'), ('dfb8bbbeaf784d3db3228ff9034193e2', '1', '2018-09-07 14:30:18'), ('dfb8bbbeaf784d3db3228ff9034193e2', '10', '2018-09-07 14:30:18'), ('dfb8bbbeaf784d3db3228ff9034193e2', '1000001', '2018-09-10 19:04:02'), ('dfb8bbbeaf784d3db3228ff9034193e2', '1000002', '2018-09-10 19:04:07'), ('dfb8bbbeaf784d3db3228ff9034193e2', '1000003', '2018-09-10 19:04:11'), ('dfb8bbbeaf784d3db3228ff9034193e2', '1000004', '2018-09-10 19:04:15'), ('dfb8bbbeaf784d3db3228ff9034193e2', '1000005', '2018-09-10 19:05:34'), ('dfb8bbbeaf784d3db3228ff9034193e2', '11', '2018-09-07 14:30:18'), ('dfb8bbbeaf784d3db3228ff9034193e2', '1100001', '2018-09-10 19:09:14'), ('dfb8bbbeaf784d3db3228ff9034193e2', '1100002', '2018-09-10 19:09:18'), ('dfb8bbbeaf784d3db3228ff9034193e2', '113', '2018-09-07 14:30:16'), ('dfb8bbbeaf784d3db3228ff9034193e2', '11301', '2018-09-10 17:55:43'), ('dfb8bbbeaf784d3db3228ff9034193e2', '11302', '2018-09-10 17:55:50'), ('dfb8bbbeaf784d3db3228ff9034193e2', '115', '2018-09-07 14:30:16'), ('dfb8bbbeaf784d3db3228ff9034193e2', '116', '2018-09-07 14:30:17'), ('dfb8bbbeaf784d3db3228ff9034193e2', '118', '2018-09-07 14:30:17'), ('dfb8bbbeaf784d3db3228ff9034193e2', '12', '2018-09-07 14:30:18'), ('dfb8bbbeaf784d3db3228ff9034193e2', '1200001', '2018-09-10 19:12:53'), ('dfb8bbbeaf784d3db3228ff9034193e2', '1200002', '2018-09-10 19:12:57'), ('dfb8bbbeaf784d3db3228ff9034193e2', '1200003', '2018-09-10 19:13:01'), ('dfb8bbbeaf784d3db3228ff9034193e2', '124', '2018-09-07 14:30:19'), ('dfb8bbbeaf784d3db3228ff9034193e2', '13', '2018-09-07 14:30:16'), ('dfb8bbbeaf784d3db3228ff9034193e2', '131', '2018-09-07 14:30:19'), ('dfb8bbbeaf784d3db3228ff9034193e2', '132', '2018-09-07 14:30:20'), ('dfb8bbbeaf784d3db3228ff9034193e2', '133', '2018-09-07 14:30:20'), ('dfb8bbbeaf784d3db3228ff9034193e2', '135', '2018-09-07 14:30:20'), ('dfb8bbbeaf784d3db3228ff9034193e2', '136', '2018-09-07 14:30:21'), ('dfb8bbbeaf784d3db3228ff9034193e2', '137', '2018-09-07 14:30:21'), ('dfb8bbbeaf784d3db3228ff9034193e2', '139', '2018-09-07 14:30:21'), ('dfb8bbbeaf784d3db3228ff9034193e2', '14', '2018-09-07 14:30:16'), ('dfb8bbbeaf784d3db3228ff9034193e2', '143', '2018-09-07 14:30:22'), ('dfb8bbbeaf784d3db3228ff9034193e2', '15', '2018-09-07 14:30:16'), ('dfb8bbbeaf784d3db3228ff9034193e2', '16', '2018-09-07 14:30:17'), ('dfb8bbbeaf784d3db3228ff9034193e2', '17', '2018-09-07 14:30:17'), ('dfb8bbbeaf784d3db3228ff9034193e2', '18', '2018-09-07 14:30:17'), ('dfb8bbbeaf784d3db3228ff9034193e2', '19', '2018-09-07 14:30:17'), ('dfb8bbbeaf784d3db3228ff9034193e2', '192', '2018-09-07 14:30:17'), ('dfb8bbbeaf784d3db3228ff9034193e2', '2', '2018-09-07 14:30:18'), ('dfb8bbbeaf784d3db3228ff9034193e2', '20', '2018-09-07 14:30:17'), ('dfb8bbbeaf784d3db3228ff9034193e2', '200', '2018-09-07 14:30:16'), ('dfb8bbbeaf784d3db3228ff9034193e2', '200001', '2018-09-10 18:13:11'), ('dfb8bbbeaf784d3db3228ff9034193e2', '200002', '2018-09-10 18:13:19'), ('dfb8bbbeaf784d3db3228ff9034193e2', '200003', '2018-09-10 18:28:15'), ('dfb8bbbeaf784d3db3228ff9034193e2', '201', '2018-09-07 14:30:16'), ('dfb8bbbeaf784d3db3228ff9034193e2', '202', '2018-09-07 14:30:17'), ('dfb8bbbeaf784d3db3228ff9034193e2', '203', '2018-09-07 14:30:17'), ('dfb8bbbeaf784d3db3228ff9034193e2', '21', '2018-09-07 14:30:17'), ('dfb8bbbeaf784d3db3228ff9034193e2', '22', '2018-09-07 14:30:18'), ('dfb8bbbeaf784d3db3228ff9034193e2', '23', '2018-09-07 14:30:18'), ('dfb8bbbeaf784d3db3228ff9034193e2', '24', '2018-09-07 14:30:19'), ('dfb8bbbeaf784d3db3228ff9034193e2', '25', '2018-09-07 14:30:19'), ('dfb8bbbeaf784d3db3228ff9034193e2', '26', '2018-09-07 14:30:19'), ('dfb8bbbeaf784d3db3228ff9034193e2', '27', '2018-09-07 14:30:19'), ('dfb8bbbeaf784d3db3228ff9034193e2', '28', '2018-09-07 14:30:19'), ('dfb8bbbeaf784d3db3228ff9034193e2', '29', '2018-09-07 14:30:19'), ('dfb8bbbeaf784d3db3228ff9034193e2', '3', '2018-09-07 14:30:18'), ('dfb8bbbeaf784d3db3228ff9034193e2', '30', '2018-09-07 14:30:19'), ('dfb8bbbeaf784d3db3228ff9034193e2', '300001', '2018-09-10 18:29:28'), ('dfb8bbbeaf784d3db3228ff9034193e2', '300002', '2018-09-10 18:29:33'), ('dfb8bbbeaf784d3db3228ff9034193e2', '300003', '2018-09-10 18:29:38'), ('dfb8bbbeaf784d3db3228ff9034193e2', '31', '2018-09-07 14:30:20'), ('dfb8bbbeaf784d3db3228ff9034193e2', '32', '2018-09-07 14:30:20'), ('dfb8bbbeaf784d3db3228ff9034193e2', '33', '2018-09-07 14:30:20'), ('dfb8bbbeaf784d3db3228ff9034193e2', '34', '2018-09-07 14:30:20'), ('dfb8bbbeaf784d3db3228ff9034193e2', '35', '2018-09-07 14:30:21'), ('dfb8bbbeaf784d3db3228ff9034193e2', '36', '2018-09-07 14:30:21'), ('dfb8bbbeaf784d3db3228ff9034193e2', '37', '2018-09-07 14:30:21'), ('dfb8bbbeaf784d3db3228ff9034193e2', '38', '2018-09-07 14:30:21'), ('dfb8bbbeaf784d3db3228ff9034193e2', '39', '2018-09-07 14:30:22'), ('dfb8bbbeaf784d3db3228ff9034193e2', '4', '2018-09-07 14:30:18'), ('dfb8bbbeaf784d3db3228ff9034193e2', '40', '2018-09-07 14:30:22'), ('dfb8bbbeaf784d3db3228ff9034193e2', '400001', '2018-09-10 18:29:48'), ('dfb8bbbeaf784d3db3228ff9034193e2', '400002', '2018-09-10 18:29:52'), ('dfb8bbbeaf784d3db3228ff9034193e2', '400003', '2018-09-10 18:29:56'), ('dfb8bbbeaf784d3db3228ff9034193e2', '41', '2018-09-07 14:30:22'), ('dfb8bbbeaf784d3db3228ff9034193e2', '42', '2018-09-07 14:30:22'), ('dfb8bbbeaf784d3db3228ff9034193e2', '43', '2018-09-07 14:30:23'), ('dfb8bbbeaf784d3db3228ff9034193e2', '44', '2018-09-07 14:30:22'), ('dfb8bbbeaf784d3db3228ff9034193e2', '45', '2018-09-07 14:30:22'), ('dfb8bbbeaf784d3db3228ff9034193e2', '46', '2018-09-07 14:30:23'), ('dfb8bbbeaf784d3db3228ff9034193e2', '47', '2018-09-07 14:30:23'), ('dfb8bbbeaf784d3db3228ff9034193e2', '48', '2018-09-07 14:30:23'), ('dfb8bbbeaf784d3db3228ff9034193e2', '49', '2018-09-07 14:30:23'), ('dfb8bbbeaf784d3db3228ff9034193e2', '5', '2018-09-07 14:30:18'), ('dfb8bbbeaf784d3db3228ff9034193e2', '500001', '2018-09-10 18:30:08'), ('dfb8bbbeaf784d3db3228ff9034193e2', '500002', '2018-09-10 18:30:13'), ('dfb8bbbeaf784d3db3228ff9034193e2', '500003', '2018-09-10 18:30:17'), ('dfb8bbbeaf784d3db3228ff9034193e2', '6', '2018-09-07 14:30:18'), ('dfb8bbbeaf784d3db3228ff9034193e2', '600001', '2018-09-10 18:46:06'), ('dfb8bbbeaf784d3db3228ff9034193e2', '600002', '2018-09-10 18:46:13'), ('dfb8bbbeaf784d3db3228ff9034193e2', '600003', '2018-09-10 18:46:17'), ('dfb8bbbeaf784d3db3228ff9034193e2', '600004', '2018-09-10 18:46:22'), ('dfb8bbbeaf784d3db3228ff9034193e2', '600005', '2018-09-10 18:46:28'), ('dfb8bbbeaf784d3db3228ff9034193e2', '7', '2018-09-07 14:30:18'), ('dfb8bbbeaf784d3db3228ff9034193e2', '700001', '2018-09-10 18:55:03'), ('dfb8bbbeaf784d3db3228ff9034193e2', '700002', '2018-09-10 18:55:08'), ('dfb8bbbeaf784d3db3228ff9034193e2', '700003', '2018-09-10 18:55:13'), ('dfb8bbbeaf784d3db3228ff9034193e2', '700004', '2018-09-10 18:55:24'), ('dfb8bbbeaf784d3db3228ff9034193e2', '8', '2018-09-07 14:30:19'), ('dfb8bbbeaf784d3db3228ff9034193e2', '800001', '2018-09-10 18:57:56'), ('dfb8bbbeaf784d3db3228ff9034193e2', '800002', '2018-09-10 18:58:01'), ('dfb8bbbeaf784d3db3228ff9034193e2', '800003', '2018-09-10 18:58:05'), ('dfb8bbbeaf784d3db3228ff9034193e2', '9', '2018-09-07 14:30:19'), ('dfb8bbbeaf784d3db3228ff9034193e2', '900001', '2018-09-10 19:01:01'), ('dfb8bbbeaf784d3db3228ff9034193e2', '900002', '2018-09-10 19:01:06'), ('dfb8bbbeaf784d3db3228ff9034193e2', '900003', '2018-09-10 19:01:10'), ('dfb8bbbeaf784d3db3228ff9034193e2', '900004', '2018-09-10 19:01:16'), ('f76ed45d29a54c84ab6200c0f1f02609', '1', '2018-09-07 14:31:07'), ('f76ed45d29a54c84ab6200c0f1f02609', '10', '2018-09-07 14:31:07'), ('f76ed45d29a54c84ab6200c0f1f02609', '11', '2018-09-07 14:31:07'), ('f76ed45d29a54c84ab6200c0f1f02609', '113', '2018-09-07 14:31:05'), ('f76ed45d29a54c84ab6200c0f1f02609', '115', '2018-09-07 14:31:05'), ('f76ed45d29a54c84ab6200c0f1f02609', '116', '2018-09-07 14:31:06'), ('f76ed45d29a54c84ab6200c0f1f02609', '118', '2018-09-07 14:31:06'), ('f76ed45d29a54c84ab6200c0f1f02609', '12', '2018-09-07 14:31:07'), ('f76ed45d29a54c84ab6200c0f1f02609', '124', '2018-09-07 14:31:08'), ('f76ed45d29a54c84ab6200c0f1f02609', '13', '2018-09-07 14:31:05'), ('f76ed45d29a54c84ab6200c0f1f02609', '131', '2018-09-07 14:31:09'), ('f76ed45d29a54c84ab6200c0f1f02609', '132', '2018-09-07 14:31:09'), ('f76ed45d29a54c84ab6200c0f1f02609', '133', '2018-09-07 14:31:09'), ('f76ed45d29a54c84ab6200c0f1f02609', '135', '2018-09-07 14:31:09'), ('f76ed45d29a54c84ab6200c0f1f02609', '136', '2018-09-07 14:31:09'), ('f76ed45d29a54c84ab6200c0f1f02609', '137', '2018-09-07 14:31:10'), ('f76ed45d29a54c84ab6200c0f1f02609', '139', '2018-09-07 14:31:10'), ('f76ed45d29a54c84ab6200c0f1f02609', '14', '2018-09-07 14:31:05'), ('f76ed45d29a54c84ab6200c0f1f02609', '15', '2018-09-07 14:31:06'), ('f76ed45d29a54c84ab6200c0f1f02609', '16', '2018-09-07 14:31:06'), ('f76ed45d29a54c84ab6200c0f1f02609', '17', '2018-09-07 14:31:06'), ('f76ed45d29a54c84ab6200c0f1f02609', '18', '2018-09-07 14:31:06'), ('f76ed45d29a54c84ab6200c0f1f02609', '19', '2018-09-07 14:31:07'), ('f76ed45d29a54c84ab6200c0f1f02609', '192', '2018-09-07 14:31:06'), ('f76ed45d29a54c84ab6200c0f1f02609', '2', '2018-09-07 14:31:07'), ('f76ed45d29a54c84ab6200c0f1f02609', '20', '2018-09-07 14:31:07'), ('f76ed45d29a54c84ab6200c0f1f02609', '200', '2018-09-07 14:31:06'), ('f76ed45d29a54c84ab6200c0f1f02609', '201', '2018-09-07 14:31:06'), ('f76ed45d29a54c84ab6200c0f1f02609', '202', '2018-09-07 14:31:06'), ('f76ed45d29a54c84ab6200c0f1f02609', '203', '2018-09-07 14:31:06'), ('f76ed45d29a54c84ab6200c0f1f02609', '21', '2018-09-07 14:31:07'), ('f76ed45d29a54c84ab6200c0f1f02609', '22', '2018-09-07 14:31:07'), ('f76ed45d29a54c84ab6200c0f1f02609', '23', '2018-09-07 14:31:07'), ('f76ed45d29a54c84ab6200c0f1f02609', '24', '2018-09-07 14:31:08'), ('f76ed45d29a54c84ab6200c0f1f02609', '25', '2018-09-07 14:31:08'), ('f76ed45d29a54c84ab6200c0f1f02609', '26', '2018-09-07 14:31:08'), ('f76ed45d29a54c84ab6200c0f1f02609', '27', '2018-09-07 14:31:08'), ('f76ed45d29a54c84ab6200c0f1f02609', '28', '2018-09-07 14:31:08'), ('f76ed45d29a54c84ab6200c0f1f02609', '29', '2018-09-07 14:31:09'), ('f76ed45d29a54c84ab6200c0f1f02609', '3', '2018-09-07 14:31:07'), ('f76ed45d29a54c84ab6200c0f1f02609', '30', '2018-09-07 14:31:09'), ('f76ed45d29a54c84ab6200c0f1f02609', '31', '2018-09-07 14:31:09'), ('f76ed45d29a54c84ab6200c0f1f02609', '32', '2018-09-07 14:31:09'), ('f76ed45d29a54c84ab6200c0f1f02609', '33', '2018-09-07 14:31:09'), ('f76ed45d29a54c84ab6200c0f1f02609', '34', '2018-09-07 14:31:09'), ('f76ed45d29a54c84ab6200c0f1f02609', '35', '2018-09-07 14:31:09'), ('f76ed45d29a54c84ab6200c0f1f02609', '36', '2018-09-07 14:31:09'), ('f76ed45d29a54c84ab6200c0f1f02609', '37', '2018-09-07 14:31:10'), ('f76ed45d29a54c84ab6200c0f1f02609', '38', '2018-09-07 14:31:10'), ('f76ed45d29a54c84ab6200c0f1f02609', '39', '2018-09-07 14:31:10'), ('f76ed45d29a54c84ab6200c0f1f02609', '4', '2018-09-07 14:31:08'), ('f76ed45d29a54c84ab6200c0f1f02609', '40', '2018-09-07 14:31:10'), ('f76ed45d29a54c84ab6200c0f1f02609', '41', '2018-09-07 14:31:10'), ('f76ed45d29a54c84ab6200c0f1f02609', '42', '2018-09-07 14:31:10'), ('f76ed45d29a54c84ab6200c0f1f02609', '5', '2018-09-07 14:31:08'), ('f76ed45d29a54c84ab6200c0f1f02609', '6', '2018-09-07 14:31:08'), ('f76ed45d29a54c84ab6200c0f1f02609', '7', '2018-09-07 14:31:08'), ('f76ed45d29a54c84ab6200c0f1f02609', '8', '2018-09-07 14:31:08'), ('f76ed45d29a54c84ab6200c0f1f02609', '9', '2018-09-07 14:31:08');
COMMIT;

SET FOREIGN_KEY_CHECKS = 1;